,dr2_source_id,dr3_source_id,Cluster,SimbadName_cluster,e_plx_cluster,plx_cluster,skymapper_id,sdss_id,twomass_id,allwise_id,ra2000,dec2000,gmag,bpmag,rpmag,parallax,parallax_error,ruwe,phot_g_mean_flux,phot_g_mean_flux_error,phot_g_n_obs,gmag_edr3,bpmag_edr3,rpmag_edr3,r_lo_geo,r_med_geo,r_hi_geo,r_lo_photogeo,r_med_photogeo,r_hi_photogeo,objid_NUV,NUVmag,e_NUVmag,Nafl,objid_FUV,FUVmag,e_FUVmag,Fafl,psfMag_uSDSS,psfMagErr_uSDSS,psfMag_gSDSS,psfMagErr_gSDSS,psfMag_rSDSS,psfMagErr_rSDSS,psfMag_iSDSS,psfMagErr_iSDSS,psfMag_zSDSS,psfMagErr_zSDSS,u_flags,u_nimaflags,u_ngood,e_u_psf,u_psf,v_flags,v_nimaflags,v_ngood,e_v_psf,v_psf,g_flags,g_nimaflags,g_ngood,g_psf,e_g_psf,r_flags,r_nimaflags,r_ngood,r_psf,e_r_psf,i_flags,i_nimaflags,i_ngood,i_psf,e_i_psf,z_flags,z_nimaflags,z_ngood,z_psf,e_z_psf,object_01,j_m,j_msigcom,h_m,h_msigcom,k_m,k_msigcom,ph_qual_1,rd_flg,bl_flg,cc_flg,use_src,designation,w1mpro,w1sigmpro,w2mpro,w2sigmpro,w3mpro,w3sigmpro,w4mpro,w4sigmpro,cc_flags,ext_flg,ph_qual_2,moon_lev,asassn_name,Mean Vmag_ASASSN,amplitude_ASASSN,period_ASASSN,Type_ASASSN,class_probability_ASASSN
0,4006703041146508416,4006703041146508416,ComaBer ,Name Coma Ber Cluster,0.034,11.64,-9223372036854775808,1237667442970198049,12104610+2716533,J121046.09+271653.2,182.69206315463435,27.28150609728306,5.9603953,6.04709,5.8644643,11.584694198088132,0.053240955,1.0511932,76572964.36977267,32168.068,255,5.977178,6.0306177,5.843238,85.66202,86.062706,86.40405,85.62606,85.99611,86.34813,-9223372036854775808,,,-32768,-9223372036854775808,,,-32768,,,,,,,,,,,-32768,-2147483648,-32768,,,-32768,-2147483648,-32768,,,-32768,-2147483648,-32768,,,-32768,-2147483648,-32768,,,-32768,-2147483648,-32768,,,-32768,-2147483648,-32768,,,12104610+2716533,5.659,0.029,5.668,0.031,5.6,0.033,AAA,111,111,000,1,                   ,,,,,,,,,    ,-2147483648,    ,    ,                            ,,,,        ,
1,3953900747569804928,3953900747569804928,ComaBer ,Name Coma Ber Cluster,0.034,11.64,-9223372036854775808,1237667783371587606,12191919+2302048,                   ,184.82997078341748,23.034672723895035,6.2145004,6.3085723,6.1058154,11.824573556442719,0.03223631,1.0925549,60639639.265874326,17449.34,320,6.2304754,6.2951064,6.0935917,84.0287,84.221924,84.470924,84.04351,84.25655,84.47842,-9223372036854775808,,,-32768,-9223372036854775808,,,-32768,,,,,,,,,,,-32768,-2147483648,-32768,,,-32768,-2147483648,-32768,,,-32768,-2147483648,-32768,,,-32768,-2147483648,-32768,,,-32768,-2147483648,-32768,,,-32768,-2147483648,-32768,,,12191919+2302048,5.948,0.021,5.969,0.021,5.908,0.020,AAA,111,111,000,1,                   ,,,,,,,,,    ,-2147483648,    ,    ,                            ,,,,        ,
2,4008571356215936896,4008571356215936896,ComaBer ,Name Coma Ber Cluster,0.034,11.64,-9223372036854775808,1237667912740634658,12190202+2600299,J121902.02+260029.8,184.75843756300574,26.00835016031195,6.395666,6.509627,6.2562175,11.69316403635964,0.031280614,1.0331798,51249714.92095987,17470.846,328,6.4131384,6.4912753,6.2453594,85.035515,85.2465,85.460075,85.06421,85.26485,85.48118,-9223372036854775808,,,-32768,-9223372036854775808,,,-32768,,,,,,,,,,,-32768,-2147483648,-32768,,,-32768,-2147483648,-32768,,,-32768,-2147483648,-32768,,,-32768,-2147483648,-32768,,,-32768,-2147483648,-32768,,,-32768,-2147483648,-32768,,,12190202+2600299,6.082,0.026,6.004,0.049,5.981,0.023,AAA,111,111,0d0,1,                   ,,,,,,,,,    ,-2147483648,    ,    ,                            ,,,,        ,
3,4010203993544316032,4010203993544316032,ComaBer ,Name Coma Ber Cluster,0.034,11.64,-9223372036854775808,1237667324330705009,12195062+2827515,                   ,184.960934470643,28.46435443793035,6.5880113,6.708079,6.4467964,11.766396304364672,0.026127508,0.99754745,42973240.82302092,15609.762,284,6.6043715,6.685485,6.4327545,84.540596,84.7561,84.96129,84.523926,84.687195,84.84332,-9223372036854775808,,,-32768,6374856491063574600,13.0781,0.0074,0,,,,,,,,,,,-32768,-2147483648,-32768,,,-32768,-2147483648,-32768,,,-32768,-2147483648,-32768,,,-32768,-2147483648,-32768,,,-32768,-2147483648,-32768,,,-32768,-2147483648,-32768,,,12195062+2827515,6.209,0.019,6.192,0.034,6.135,0.024,AAA,111,111,000,1,                   ,,,,,,,,,    ,-2147483648,    ,    ,                            ,,,,        ,
4,4016309615972923648,4016309615972923648,ComaBer ,Name Coma Ber Cluster,0.034,11.64,-9223372036854775808,1237665227305320469,12182906+3244561,J121829.06+324455.9,184.6211497174846,32.74889682884285,6.616104,6.761252,6.4189043,12.120980485036744,0.035241954,1.0606636,41835169.77250851,11243.1875,236,6.633513,6.7453427,6.4061713,82.03211,82.24712,82.483955,81.98387,82.23664,82.46864,-9223372036854775808,,,-32768,-9223372036854775808,,,-32768,,,,,,,,,,,-32768,-2147483648,-32768,,,-32768,-2147483648,-32768,,,-32768,-2147483648,-32768,,,-32768,-2147483648,-32768,,,-32768,-2147483648,-32768,,,-32768,-2147483648,-32768,,,12182906+3244561,6.132,0.019,6.049,0.024,6.024,0.016,AAA,111,111,000,1,                   ,,,,,,,,,    ,-2147483648,    ,    ,                            ,,,,        ,
5,4008422028793075328,4008422028793075328,ComaBer ,Name Coma Ber Cluster,0.034,11.64,-9223372036854775808,1237667912741158943,12240346+2551043,J122403.46+255104.3,186.01442543327,25.851210861856455,6.6394544,6.78435,6.443272,9.108651123177353,0.2894129,10.249407,41009178.99409113,11833.352,266,6.6551642,6.764756,6.432924,105.02119,108.74205,112.0302,105.86203,110.24033,113.38614,-9223372036854775808,,,-32768,-9223372036854775808,,,-32768,,,,,,,,,,,-32768,-2147483648,-32768,,,-32768,-2147483648,-32768,,,-32768,-2147483648,-32768,,,-32768,-2147483648,-32768,,,-32768,-2147483648,-32768,,,-32768,-2147483648,-32768,,,12240346+2551043,6.179,0.024,6.075,0.047,6.054,0.018,AAA,111,111,000,1,                   ,,,,,,,,,    ,-2147483648,    ,    ,                            ,,,,        ,
6,4002550293102977152,4002550293102977152,ComaBer ,Name Coma Ber Cluster,0.034,11.64,-9223372036854775808,1237667912203632689,12175090+2534167,J121750.89+253416.7,184.46210998023938,25.571344078548588,7.7510386,7.9606867,7.4536014,11.257660928340806,0.02948146,1.0481224,14781442.262999315,3285.7153,312,7.763075,7.9414425,7.441972,88.36457,88.589294,88.81481,88.32971,88.55554,88.7993,-9223372036854775808,,,-32768,-9223372036854775808,,,-32768,,,,,,,,,,,-32768,-2147483648,-32768,,,-32768,-2147483648,-32768,,,-32768,-2147483648,-32768,,,-32768,-2147483648,-32768,,,-32768,-2147483648,-32768,,,-32768,-2147483648,-32768,,,12175090+2534167,7.086,0.018,6.982,0.024,6.928,0.017,AAA,111,111,000,1,                   ,,,,,,,,,    ,-2147483648,    ,    ,                            ,,,,        ,
7,4001595504693460480,4001595504693460480,ComaBer ,Name Coma Ber Cluster,0.034,11.64,-9223372036854775808,1237667735581949988,12134391+2253168,J121343.88+225316.6,183.43291793941984,22.88799530845506,7.963169,8.200624,7.62233,12.23996675792172,0.15408812,5.161603,12151221.754639462,2913.696,322,7.975817,8.182669,7.6136465,80.19955,81.29483,82.43303,80.67483,81.60446,82.529816,6378726692536451771,13.0413,0.0053,0,6378726692536451771,16.9503,0.0513,0,,,,,,,,,,,-32768,-2147483648,-32768,,,-32768,-2147483648,-32768,,,-32768,-2147483648,-32768,,,-32768,-2147483648,-32768,,,-32768,-2147483648,-32768,,,-32768,-2147483648,-32768,,,12134391+2253168,7.211,0.027,7.052,0.017,6.99,0.033,AAA,111,111,000,1,                   ,,,,,,,,,    ,-2147483648,    ,    ,                            ,,,,        ,
8,4009709385110617472,4009709385110617472,ComaBer ,Name Coma Ber Cluster,0.034,11.64,-9223372036854775808,1237667442970329138,12122488+2722482,J121224.88+272248.2,183.10372713627353,27.380098316586302,7.96806,8.196632,7.6392174,11.763243946398019,0.02317449,1.0208906,12110431.585718036,3057.6863,341,7.979468,8.17706,7.6292944,84.613365,84.78616,84.94826,84.638115,84.79619,84.956184,-9223372036854775808,,,-32768,-9223372036854775808,,,-32768,,,,,,,,,,,-32768,-2147483648,-32768,,,-32768,-2147483648,-32768,,,-32768,-2147483648,-32768,,,-32768,-2147483648,-32768,,,-32768,-2147483648,-32768,,,-32768,-2147483648,-32768,,,12122488+2722482,7.274,0.024,7.13,0.021,7.082,0.021,AAA,111,111,000,1,                   ,,,,,,,,,    ,-2147483648,    ,    ,                            ,,,,        ,
9,4002565308308607616,4002565308308607616,ComaBer ,Name Coma Ber Cluster,0.034,11.64,-9223372036854775808,1237667448340086808,12160837+2545373,J121608.36+254537.2,184.03489829413252,25.760371562159417,7.9755626,8.2071085,7.6417103,11.757948685259558,0.02554104,0.9621268,12013689.026336484,2747.3818,363,7.988176,8.188746,7.6337724,84.58624,84.81707,85.02509,84.68216,84.85576,85.0196,6374856494284801295,13.3849,0.0052,0,6374856494284801295,17.0473,0.0448,0,,,,,,,,,,,-32768,-2147483648,-32768,,,-32768,-2147483648,-32768,,,-32768,-2147483648,-32768,,,-32768,-2147483648,-32768,,,-32768,-2147483648,-32768,,,-32768,-2147483648,-32768,,,12160837+2545373,7.232,0.026,7.117,0.047,7.036,0.017,AAA,111,111,000,1,                   ,,,,,,,,,    ,-2147483648,    ,    ,                            ,,,,        ,
10,3956998694596150912,3956998694596150912,ComaBer ,Name Coma Ber Cluster,0.034,11.64,-9223372036854775808,1237667446197059625,13003517+2339063,J130035.16+233906.1,195.14656820738713,23.65175292690088,8.132285,8.367521,7.784667,11.62137586658665,0.025076864,0.9205489,10407765.230960852,1567.8336,604,8.143973,8.353478,7.7784805,85.66279,85.846794,86.05116,85.6674,85.83103,85.981674,-9223372036854775808,,,-32768,-9223372036854775808,,,-32768,,,,,,,,,,,-32768,-2147483648,-32768,,,-32768,-2147483648,-32768,,,-32768,-2147483648,-32768,,,-32768,-2147483648,-32768,,,-32768,-2147483648,-32768,,,-32768,-2147483648,-32768,,,13003517+2339063,7.383,0.021,7.217,0.018,7.178,0.020,AAA,111,111,000,1,                   ,,,,,,,,,    ,-2147483648,    ,    ,                            ,,,,        ,
11,4009051048227419520,4009051048227419520,ComaBer ,Name Coma Ber Cluster,0.034,11.64,-9223372036854775808,1237667322183811130,12255195+2646359,J122551.93+264635.9,186.46646713824498,26.776670850077803,8.222147,8.468444,7.8647275,11.704928746384672,0.024158284,1.091815,9598021.323459174,1785.7867,316,8.231913,8.45031,7.85405,85.0782,85.240845,85.419586,85.02675,85.1617,85.35756,-9223372036854775808,,,-32768,-9223372036854775808,,,-32768,,,,,,,,,,,-32768,-2147483648,-32768,,,-32768,-2147483648,-32768,,,-32768,-2147483648,-32768,,,-32768,-2147483648,-32768,,,-32768,-2147483648,-32768,,,-32768,-2147483648,-32768,,,12255195+2646359,7.411,0.024,7.303,0.059,7.205,0.026,AAA,111,111,000,1,                   ,,,,,,,,,    ,-2147483648,    ,    ,                            ,,,,        ,
12,4008744254419270400,4008744254419270400,ComaBer ,Name Coma Ber Cluster,0.034,11.64,-9223372036854775808,1237667442434572321,12234101+2658478,J122340.99+265847.6,185.92087537394198,26.979931781101886,8.253089,8.500172,7.8933973,11.572285687464104,0.027467582,0.9566775,9325719.126990156,2419.0115,293,8.263161,8.482432,7.8862734,85.94637,86.172356,86.410995,86.0174,86.187675,86.383514,-9223372036854775808,,,-32768,-9223372036854775808,,,-32768,,,,,,,,,,,-32768,-2147483648,-32768,,,-32768,-2147483648,-32768,,,-32768,-2147483648,-32768,,,-32768,-2147483648,-32768,,,-32768,-2147483648,-32768,,,-32768,-2147483648,-32768,,,12234101+2658478,7.461,0.021,7.334,0.080,7.253,0.021,AAA,111,111,000,1,                   ,,,,,,,,,    ,-2147483648,    ,    ,                            ,,,,        ,
13,4009518100151157248,4009518100151157248,ComaBer ,Name Coma Ber Cluster,0.034,11.64,-9223372036854775808,1237667442971246643,12215616+2718342,J122156.14+271834.1,185.48400697484786,27.309510091519158,8.386833,8.647305,8.013401,11.818283802265105,0.026966056,1.1998112,8234273.257042914,1751.2994,293,8.398304,8.628871,8.00357,84.21773,84.44052,84.591515,84.21028,84.39151,84.55136,6374856498579767501,13.3785,0.0053,8,6374856498579767501,18.2699,0.0823,0,,,,,,,,,,,-32768,-2147483648,-32768,,,-32768,-2147483648,-32768,,,-32768,-2147483648,-32768,,,-32768,-2147483648,-32768,,,-32768,-2147483648,-32768,,,-32768,-2147483648,-32768,,,12215616+2718342,7.565,0.024,7.399,0.042,7.325,0.020,AAA,111,111,000,1,                   ,,,,,,,,,    ,-2147483648,    ,    ,                            ,,,,        ,
14,3953625839598043008,3953625839598043008,ComaBer ,Name Coma Ber Cluster,0.034,11.64,-9223372036854775808,1237667735045996554,12222475+2227509,J122224.74+222750.7,185.60315158174964,22.464141370078636,8.4093895,8.666747,8.036395,11.730564583723512,0.029097442,1.0307702,8077212.1044430705,1535.7416,303,8.419213,8.648732,8.026302,84.777626,84.99203,85.18988,84.85424,85.01378,85.234116,-9223372036854775808,,,-32768,-9223372036854775808,,,-32768,,,,,,,,,,,-32768,-2147483648,-32768,,,-32768,-2147483648,-32768,,,-32768,-2147483648,-32768,,,-32768,-2147483648,-32768,,,-32768,-2147483648,-32768,,,-32768,-2147483648,-32768,,,12222475+2227509,7.604,0.019,7.394,0.018,7.387,0.020,AAA,111,111,000,1,                   ,,,,,,,,,    ,-2147483648,    ,    ,                            ,,,,        ,
15,4009041088198961152,4009041088198961152,ComaBer ,Name Coma Ber Cluster,0.034,11.64,-9223372036854775808,1237667443509035037,12310309+2743491,J123103.08+274349.0,187.76290799667788,27.730339187049022,8.433389,8.694919,8.05772,11.659400648357318,0.022413468,1.0763503,7896783.269781883,1960.3075,335,8.443741,8.677705,8.049397,85.35015,85.52329,85.671104,85.38476,85.54369,85.70139,-9223372036854775808,,,-32768,6374856503948479754,18.3548,0.0905,0,,,,,,,,,,,-32768,-2147483648,-32768,,,-32768,-2147483648,-32768,,,-32768,-2147483648,-32768,,,-32768,-2147483648,-32768,,,-32768,-2147483648,-32768,,,-32768,-2147483648,-32768,,,12310309+2743491,7.612,0.019,7.463,0.055,7.404,0.018,AAA,111,111,000,1,                   ,,,,,,,,,    ,-2147483648,    ,    ,                            ,,,,        ,
16,3953772074643910784,3953772074643910784,ComaBer ,Name Coma Ber Cluster,0.034,11.64,-9223372036854775808,1237667736120000627,12252249+2313447,J122522.48+231344.5,186.34373970620643,23.229090493030817,8.447119,8.704568,8.074824,11.560628994261968,0.02480884,0.99289346,7798312.0132332,1598.4556,320,8.457365,8.687356,8.066516,86.093285,86.254875,86.44796,86.0805,86.27189,86.48075,-9223372036854775808,,,-32768,6378726716158773652,18.1407,0.0862,0,,,,,,,,,,,-32768,-2147483648,-32768,,,-32768,-2147483648,-32768,,,-32768,-2147483648,-32768,,,-32768,-2147483648,-32768,,,-32768,-2147483648,-32768,,,-32768,-2147483648,-32768,,,12252249+2313447,7.644,0.024,7.48,0.027,7.392,0.018,AAA,111,111,000,1,                   ,,,,,,,,,    ,-2147483648,    ,    ,                            ,,,,        ,
17,3953951879155969920,3953951879155969920,ComaBer ,Name Coma Ber Cluster,0.034,11.64,-9223372036854775808,1237667783371456631,12183617+2307123,J121836.16+230712.1,184.65075394620115,23.120076201902354,8.553757,8.85136,8.136776,10.46789389143154,0.2284503,13.717756,7063819.542818397,1690.3239,318,8.564768,8.834575,8.127388,93.77727,95.46764,97.34566,92.97804,95.077484,97.38248,-9223372036854775808,,,-32768,-9223372036854775808,,,-32768,,,,,,,,,,,-32768,-2147483648,-32768,,,-32768,-2147483648,-32768,,,-32768,-2147483648,-32768,,,-32768,-2147483648,-32768,,,-32768,-2147483648,-32768,,,-32768,-2147483648,-32768,,,12183617+2307123,7.635,0.019,7.386,0.023,7.303,0.020,AAA,111,111,000,1,                   ,,,,,,,,,    ,-2147483648,    ,    ,                            ,,,,        ,
18,3958022924036722048,3958022924036722048,ComaBer ,Name Coma Ber Cluster,0.034,11.64,-9223372036854775808,1237667912207040562,12521160+2522245,J125211.60+252224.5,193.0484001591393,25.37349425138343,8.736028,9.017365,8.3312,11.720551299715245,0.019046176,0.97489685,5981675.348654323,1900.5555,427,8.74531,9.00163,8.323109,84.94554,85.084145,85.20067,84.966774,85.09683,85.25145,-9223372036854775808,,,-32768,6378621134051478530,19.0463,0.0978,0,,,,,,,,,,,-32768,-2147483648,-32768,,,-32768,-2147483648,-32768,,,-32768,-2147483648,-32768,,,-32768,-2147483648,-32768,,,-32768,-2147483648,-32768,,,-32768,-2147483648,-32768,,,12521160+2522245,7.881,0.021,7.652,0.021,7.609,0.015,AAA,111,111,000,1,                   ,,,,,,,,,    ,-2147483648,    ,    ,                            ,,,,        ,
19,4008433608024885632,4008433608024885632,ComaBer ,Name Coma Ber Cluster,0.034,11.64,-9223372036854775808,1237667912741027896,12230840+2551049,J122308.38+255104.9,185.78499780804583,25.85137442386091,8.958084,9.260559,8.525938,11.49325370846484,0.029805506,1.1926379,4889039.512115832,1944.4874,260,8.964308,9.244772,8.514722,86.607796,86.785645,87.038635,86.503456,86.749695,86.96443,-9223372036854775808,,,-32768,-9223372036854775808,,,-32768,,,,,,,,,,,-32768,-2147483648,-32768,,,-32768,-2147483648,-32768,,,-32768,-2147483648,-32768,,,-32768,-2147483648,-32768,,,-32768,-2147483648,-32768,,,-32768,-2147483648,-32768,,,12230840+2551049,8.027,0.020,7.762,0.021,7.685,0.023,AAA,111,111,000,1,                   ,,,,,,,,,    ,-2147483648,    ,    ,                            ,,,,        ,
20,4008706733584941312,4008706733584941312,ComaBer ,Name Coma Ber Cluster,0.034,11.64,-9223372036854775808,1237667441897504891,12214901+2632568,J122149.01+263256.6,185.45427781758758,26.549097365309738,9.138813,9.455342,8.698545,11.654456457757263,0.019855754,1.0758452,4133452.457485194,1374.419,282,9.1465845,9.436352,8.689064,85.40771,85.5864,85.75449,85.46076,85.59671,85.71138,6374856499653509964,14.1692,0.0077,0,6374856499653509964,19.9379,0.1853,0,,,,,,,,,,,-32768,-2147483648,-32768,,,-32768,-2147483648,-32768,,,-32768,-2147483648,-32768,,,-32768,-2147483648,-32768,,,-32768,-2147483648,-32768,,,-32768,-2147483648,-32768,,,12214901+2632568,8.214,0.026,7.863,0.027,7.857,0.027,AAA,111,111,000,1,                   ,,,,,,,,,    ,-2147483648,    ,    ,                            ,,,,        ,
21,4008681513537028480,4008681513537028480,ComaBer ,Name Coma Ber Cluster,0.034,11.64,-9223372036854775808,1237667441897701511,12234182+2636054,J122341.81+263605.3,185.92428406672525,26.601499598683628,9.158586,9.495071,8.6909485,10.812229090614002,0.059578728,2.8300517,4059198.227522719,782.8092,269,9.166266,9.476928,8.682555,91.63095,92.19768,92.739395,91.68609,92.27143,92.78445,-9223372036854775808,,,-32768,-9223372036854775808,,,-32768,,,,,,,,,,,-32768,-2147483648,-32768,,,-32768,-2147483648,-32768,,,-32768,-2147483648,-32768,,,-32768,-2147483648,-32768,,,-32768,-2147483648,-32768,,,-32768,-2147483648,-32768,,,12234182+2636054,8.137,0.023,7.791,0.033,7.739,0.020,AAA,111,111,000,1,                   ,,,,,,,,,    ,-2147483648,    ,    ,                            ,,,,        ,
22,1518264346362000256,1518264346362000256,ComaBer ,Name Coma Ber Cluster,0.034,11.64,-9223372036854775808,1237665025443102727,12323108+3519523,J123231.05+351952.2,188.1294684559714,35.33119772639218,9.440867,9.787055,8.969707,11.930545347795602,0.01580507,0.90888214,3125836.833721184,1206.4663,407,9.449951,9.77001,8.960263,83.532265,83.64238,83.74974,83.52307,83.62328,83.71619,6374891609937415771,14.7543,0.0057,0,6374891609937415771,21.7364,0.2277,0,,,,,,,,,,,-32768,-2147483648,-32768,,,-32768,-2147483648,-32768,,,-32768,-2147483648,-32768,,,-32768,-2147483648,-32768,,,-32768,-2147483648,-32768,,,-32768,-2147483648,-32768,,,12323108+3519523,8.407,0.019,8.132,0.023,8.086,0.018,AAA,112,111,000,1,J123231.05+351952.2,8.034,0.023,8.062,0.02,8.033,0.022,7.914,0.208,0000,0,AAAB,0000,                            ,,,,        ,
23,3999244370876485504,3999244370876485504,ComaBer ,Name Coma Ber Cluster,0.034,11.64,-9223372036854775808,1237668298202284080,12022662+2007227,J120226.61+200722.7,180.61090569902123,20.122986182773786,9.682887,10.033653,9.198773,11.123780229692642,0.018324846,0.99835473,2507890.7393046273,1043.4237,358,9.6890955,10.017692,9.189956,89.47433,89.62065,89.77113,89.50956,89.66293,89.808914,6378867509481701803,15.2024,0.0126,0,6378867509481701803,21.231,0.3583,0,,,,,,,,,,,-32768,-2147483648,-32768,,,-32768,-2147483648,-32768,,,-32768,-2147483648,-32768,,,-32768,-2147483648,-32768,,,-32768,-2147483648,-32768,,,-32768,-2147483648,-32768,,,12022662+2007227,8.655,0.018,8.388,0.034,8.306,0.020,AAA,112,111,000,1,J120226.61+200722.7,8.237,0.023,8.276,0.02,8.25,0.022,8.331,0.29,0000,0,AAAB,0000,                            ,,,,        ,
24,4002921034680029056,4002921034680029056,ComaBer ,Name Coma Ber Cluster,0.034,11.64,-9223372036854775808,1237667447265165462,12042326+2449145,J120423.26+244914.4,181.0969884606304,24.820688108265752,9.87134,10.264142,9.35504,12.008133794571032,0.019975977,1.1043695,2108564.919873474,822.1005,354,9.877399,10.244589,9.345027,82.96998,83.0815,83.20012,82.936134,83.04281,83.16056,6378867482638156781,15.8255,0.017,0,6378867482638156781,21.645,0.3958,0,,,,,,,,,,,-32768,-2147483648,-32768,,,-32768,-2147483648,-32768,,,-32768,-2147483648,-32768,,,-32768,-2147483648,-32768,,,-32768,-2147483648,-32768,,,-32768,-2147483648,-32768,,,12042326+2449145,8.75,0.023,8.414,0.018,8.343,0.019,AAA,112,111,000,1,J120423.26+244914.4,8.29,0.023,8.339,0.02,8.298,0.024,8.209,0.248,0000,0,AAAB,0000,                            ,,,,        ,
25,1464103812327049984,1464103812327049984,ComaBer ,Name Coma Ber Cluster,0.034,11.64,-9223372036854775808,1237665440978763787,12573686+2858448,J125736.85+285844.7,194.40360756325362,28.979092565638833,10.041148,10.43534,9.516437,11.226674372530473,0.05410599,2.727494,1804021.637632169,1023.6126,355,10.046762,10.418148,9.50713,88.548676,88.9252,89.35554,88.41631,88.85796,89.312325,6374891681876019633,16.0827,0.0165,1,6374891681876019633,,,0,12.07406,0.01621921,,,,,,,,,-32768,-2147483648,-32768,,,-32768,-2147483648,-32768,,,-32768,-2147483648,-32768,,,-32768,-2147483648,-32768,,,-32768,-2147483648,-32768,,,-32768,-2147483648,-32768,,,12573686+2858448,8.897,0.026,8.539,0.045,8.473,0.020,AAA,112,111,000,1,J125736.85+285844.7,8.44,0.023,8.492,0.02,8.432,0.023,8.931,0.506,0000,0,AAAC,0011,                            ,,,,        ,
26,3958685998266790272,3958685998267793792,ComaBer ,Name Coma Ber Cluster,0.034,11.64,-9223372036854775808,1237667735047110672,12332002+2224234,J123320.00+222423.3,188.33338601806358,22.406525230645343,10.080742,10.495423,9.525157,11.794132582608126,0.033068117,1.6063706,1726326.3561690063,914.695,345,10.09456,10.48306,9.5156555,84.27236,84.53487,84.77707,84.38568,84.59026,84.81786,-9223372036854775808,,,-32768,-9223372036854775808,,,-32768,,,,,,,,,,,-32768,-2147483648,-32768,,,-32768,-2147483648,-32768,,,-32768,-2147483648,-32768,,,-32768,-2147483648,-32768,,,-32768,-2147483648,-32768,,,-32768,-2147483648,-32768,,,12332002+2224234,8.855,0.019,8.47,0.023,8.402,0.020,AAA,112,111,000,1,J123320.00+222423.3,8.318,0.023,8.347,0.019,8.274,0.022,8.332,0.306,0000,0,AAAB,0000,                            ,,,,        ,
27,3953787429152384256,3953787429152384256,ComaBer ,Name Coma Ber Cluster,0.034,11.64,-9223372036854775808,1237667783909244940,12272068+2319475,J122720.67+231947.3,186.8362055111253,23.329848716318708,10.106925,10.526506,9.558633,11.966310372022928,0.014976233,0.8009669,1696925.7019960952,599.92664,304,10.11321,10.510008,9.550366,83.24579,83.335556,83.43728,83.19596,83.32516,83.4435,6378726726894095353,16.4876,0.027,1,6378726726894095353,,,0,12.34597,0.05074948,,,,,,,,,-32768,-2147483648,-32768,,,-32768,-2147483648,-32768,,,-32768,-2147483648,-32768,,,-32768,-2147483648,-32768,,,-32768,-2147483648,-32768,,,-32768,-2147483648,-32768,,,12272068+2319475,8.912,0.021,8.537,0.021,8.451,0.017,AAA,112,111,000,1,J122720.67+231947.3,8.424,0.023,8.46,0.02,8.419,0.022,8.169,0.208,0000,0,AAAB,0000,                            ,,,,        ,
28,4009295144104998912,4009295144104998912,ComaBer ,Name Coma Ber Cluster,0.034,11.64,-9223372036854775808,1237667323794685990,12282110+2802259,J122821.09+280225.9,187.08796248454254,28.04057946040803,10.144554,10.570225,9.594745,11.991140325066274,0.016401093,1.3459578,1628071.0932518616,1504.0872,333,10.158183,10.557427,9.592029,83.046425,83.16617,83.29018,83.01125,83.12967,83.2639,-9223372036854775808,,,-32768,-9223372036854775808,,,-32768,,,,,,,,,,,-32768,-2147483648,-32768,,,-32768,-2147483648,-32768,,,-32768,-2147483648,-32768,,,-32768,-2147483648,-32768,,,-32768,-2147483648,-32768,,,-32768,-2147483648,-32768,,,12282110+2802259,8.943,0.024,8.472,0.044,8.465,0.027,AAA,111,111,000,1,J122821.09+280225.9,8.438,0.023,8.49,0.02,8.465,0.023,8.711,0.363,0000,0,AAAC,0000,                            ,,,,        ,
29,4019588600164776448,4019588600164776448,ComaBer ,Name Coma Ber Cluster,0.034,11.64,-9223372036854775808,1237667324327755790,11483770+2816305,J114837.69+281630.4,177.15708194272642,28.275148336571515,10.227103,10.648496,9.679158,11.269574749347306,0.01908358,1.3228912,1525475.6420337192,621.9122,230,10.228853,10.626971,9.667169,88.334015,88.480515,88.640335,88.34109,88.463486,88.62922,6374821305615646918,16.6042,0.0231,1,6374821305615646918,,,0,12.39537,0.0137434,,,,,,,,,-32768,-2147483648,-32768,,,-32768,-2147483648,-32768,,,-32768,-2147483648,-32768,,,-32768,-2147483648,-32768,,,-32768,-2147483648,-32768,,,-32768,-2147483648,-32768,,,11483770+2816305,9.015,0.026,8.629,0.029,8.585,0.020,AAA,122,111,000,1,J114837.69+281630.4,8.532,0.023,8.593,0.021,8.552,0.025,8.639,0.383,0000,0,AAAC,0000,                            ,,,,        ,
30,4008444912378815232,4008444912378815232,ComaBer ,Name Coma Ber Cluster,0.034,11.64,-9223372036854775808,1237667448877744192,12240572+2607430,J122405.72+260742.8,186.02389099611474,26.12858846939119,10.252847,10.671455,9.7063875,11.191966430629693,0.017906323,1.2311697,1484795.3081829944,813.7253,341,10.258201,10.653845,9.697545,88.9632,89.10632,89.213875,89.0155,89.141266,89.28001,-9223372036854775808,,,-32768,-9223372036854775808,,,-32768,,,,,,,,,,,-32768,-2147483648,-32768,,,-32768,-2147483648,-32768,,,-32768,-2147483648,-32768,,,-32768,-2147483648,-32768,,,-32768,-2147483648,-32768,,,-32768,-2147483648,-32768,,,12240572+2607430,9.08,0.027,8.762,0.065,8.611,0.021,AAA,112,111,000,1,J122405.72+260742.8,8.558,0.023,8.626,0.019,8.56,0.025,8.632,0.336,0000,0,AAAB,0011,                            ,,,,        ,
31,4008820429959330304,4008820429959330304,ComaBer ,Name Coma Ber Cluster,0.034,11.64,-9223372036854775808,1237667441898225698,12285643+2632573,J122856.42+263257.4,187.2351096653053,26.549276634133584,10.526291,10.997877,9.922061,11.864042769123666,0.018805938,1.0690118,1158483.0078501194,440.12323,286,10.527642,10.979493,9.912295,83.94847,84.07134,84.1846,83.94604,84.076645,84.22823,-9223372036854775808,,,-32768,-9223372036854775808,,,-32768,13.02224,0.03282195,,,,,,,,,-32768,-2147483648,-32768,,,-32768,-2147483648,-32768,,,-32768,-2147483648,-32768,,,-32768,-2147483648,-32768,,,-32768,-2147483648,-32768,,,-32768,-2147483648,-32768,,,12285643+2632573,9.208,0.026,8.768,0.031,8.661,0.023,AAA,222,111,000,1,J122856.42+263257.4,8.57,0.024,8.621,0.02,8.557,0.026,8.582,0.364,0000,0,AAAC,0011,                            ,,,,        ,
32,4010481375416160000,4010481379712589056,ComaBer ,Name Coma Ber Cluster,0.034,11.64,-9223372036854775808,1237667443509231645,12330062+2742447,J123300.61+274244.6,188.2526110114281,27.71243325934574,10.916611,11.47521,10.258863,12.22407421401339,0.019262156,1.3117428,802400.2105008534,168.10782,475,10.92639,11.448873,10.248895,81.463745,81.585045,81.70344,81.51468,81.61857,81.75212,6374891660401184541,18.9014,0.0487,257,6374891660401184541,,,0,13.87199,0.01985014,,,,,,,,,-32768,-2147483648,-32768,,,-32768,-2147483648,-32768,,,-32768,-2147483648,-32768,,,-32768,-2147483648,-32768,,,-32768,-2147483648,-32768,,,-32768,-2147483648,-32768,,,12330062+2742447,9.47,0.030,8.94,0.030,8.866,0.018,AAA,222,111,000,1,J123300.61+274244.6,8.794,0.023,8.857,0.021,8.8,0.027,8.299,,0000,0,AAAU,0011,                            ,,,,        ,
33,4013188785360910336,4013188785360910336,ComaBer ,Name Coma Ber Cluster,0.034,11.64,-9223372036854775808,1237667253478162442,12113516+2922444,J121135.15+292244.3,182.89650754492328,29.379029375997835,10.987255,11.521982,10.347745,11.242509496305464,0.015934752,1.1865225,753949.555594806,294.1865,320,10.994011,11.495173,10.337636,88.59222,88.703835,88.83001,88.57706,88.6769,88.79679,6374856470660383370,18.4973,0.0625,0,6374856470660383370,,,0,13.80549,0.01934165,,,,,,,,,-32768,-2147483648,-32768,,,-32768,-2147483648,-32768,,,-32768,-2147483648,-32768,,,-32768,-2147483648,-32768,,,-32768,-2147483648,-32768,,,-32768,-2147483648,-32768,,,12113516+2922444,9.575,0.022,9.053,0.027,8.979,0.024,AAA,222,111,000,1,J121135.15+292244.3,8.941,0.023,8.985,0.021,8.899,0.029,8.701,0.375,0000,0,AAAC,0000,                            ,,,,        ,
34,4003439523132172288,4003439523132172288,ComaBer ,Name Coma Ber Cluster,0.034,11.64,-9223372036854775808,1237667912202649639,12075772+2535112,J120757.70+253511.3,181.99048297615903,25.586496558216133,11.0338745,11.592922,10.371379,10.810679777947405,0.113361366,5.6322265,723692.1349076993,361.1724,312,11.038483,11.564235,10.358817,91.24215,92.196655,93.15475,91.29539,92.14267,93.276054,6374856481397801612,18.6037,0.0605,1,6374856481397801612,,,0,13.86593,0.01572494,,,,,,,,,-32768,-2147483648,-32768,,,-32768,-2147483648,-32768,,,-32768,-2147483648,-32768,,,-32768,-2147483648,-32768,,,-32768,-2147483648,-32768,,,-32768,-2147483648,-32768,,,12075772+2535112,9.534,0.022,9.028,0.019,8.906,0.017,AAA,222,111,000,1,J120757.70+253511.3,8.843,0.023,8.873,0.02,8.812,0.027,8.392,,0000,0,AAAU,0000,                            ,,,,        ,
35,4003406537783052416,4003406537783052416,ComaBer ,Name Coma Ber Cluster,0.034,11.64,-9223372036854775808,1237667321645695026,12125324+2615014,J121253.22+261501.3,183.2218139486372,26.25039697039115,11.098474,11.662817,10.425335,11.651512386948324,0.020927375,1.1021974,685236.8746287755,263.6904,311,11.097765,11.634375,10.412151,85.453224,85.59054,85.73943,85.46887,85.6067,85.75378,-9223372036854775808,,,-32768,-9223372036854775808,,,-32768,14.07477,0.007622692,,,,,,,,,-32768,-2147483648,-32768,,,-32768,-2147483648,-32768,,,-32768,-2147483648,-32768,,,-32768,-2147483648,-32768,,,-32768,-2147483648,-32768,,,-32768,-2147483648,-32768,,,12125324+2615014,9.577,0.018,9.106,0.016,8.99,0.018,AAA,222,111,000,1,J121253.22+261501.3,8.92,0.023,9.005,0.021,8.894,0.029,8.448,0.272,0000,0,AAAB,0000,                            ,,,,        ,
36,4008553489152025856,4008553489152025856,ComaBer ,Name Coma Ber Cluster,0.034,11.64,-9223372036854775808,-9223372036854775808,12211561+2609140,J122115.60+260913.9,185.31506256073925,26.153901736989244,11.1386,11.726534,10.453234,11.87450320444636,0.01970268,1.0750853,657419.7273347276,209.43718,324,11.14276,11.698326,10.441659,83.79959,83.951645,84.07638,83.83284,83.97237,84.112045,-9223372036854775808,,,-32768,-9223372036854775808,,,-32768,,,,,,,,,,,-32768,-2147483648,-32768,,,-32768,-2147483648,-32768,,,-32768,-2147483648,-32768,,,-32768,-2147483648,-32768,,,-32768,-2147483648,-32768,,,-32768,-2147483648,-32768,,,12211561+2609140,9.614,0.019,9.087,0.024,8.972,0.020,AAA,222,111,000,1,J122115.60+260913.9,8.913,0.023,8.99,0.02,8.908,0.031,8.821,0.512,0000,0,AAAC,0000,                            ,,,,        ,
37,3953816570505994880,3953816570505994880,ComaBer ,Name Coma Ber Cluster,0.034,11.64,-9223372036854775808,1237667736119869453,12234722+2314444,J122347.21+231444.3,185.9467306482033,23.245694984998433,11.2445,11.840607,10.542375,11.854892333737624,0.017628161,0.8818922,598810.7367969591,256.40414,306,11.244143,11.813084,10.530552,84.0192,84.12425,84.222626,83.9695,84.10971,84.23944,6378726716156676808,19.3994,0.1169,0,6378726716156676808,,,0,14.35061,0.01647499,,,,,,,,,-32768,-2147483648,-32768,,,-32768,-2147483648,-32768,,,-32768,-2147483648,-32768,,,-32768,-2147483648,-32768,,,-32768,-2147483648,-32768,,,-32768,-2147483648,-32768,,,12234722+2314444,9.677,0.021,9.129,0.022,9.018,0.018,AAA,222,111,000,1,J122347.21+231444.3,8.972,0.023,9.044,0.02,8.98,0.029,8.422,,0000,0,AAAU,0000,                            ,,,,        ,
38,1459368662422928384,1459368662422928384,ComaBer ,Name Coma Ber Cluster,0.034,11.64,-9223372036854775808,1237667441902420030,13114199+2557459,J131141.98+255745.9,197.92497055710405,25.962782004194835,11.513941,12.16319,10.769465,11.732383302693117,0.026891977,1.463889,467794.68637518294,105.966896,487,11.512229,12.13462,10.757017,84.8508,85.00245,85.153336,84.79273,84.981316,85.14472,6378621158745444940,20.0997,0.0735,0,6378621158745444940,,,256,14.9323,0.0263524,,,,,,,,,-32768,-2147483648,-32768,,,-32768,-2147483648,-32768,,,-32768,-2147483648,-32768,,,-32768,-2147483648,-32768,,,-32768,-2147483648,-32768,,,-32768,-2147483648,-32768,,,13114199+2557459,9.834,0.022,9.315,0.032,9.162,0.020,AAA,222,111,000,1,J131141.98+255745.9,9.111,0.023,9.177,0.02,9.098,0.03,8.485,,0000,0,AAAU,0011,                            ,,,,        ,
39,3958058555085345280,3958058555085345280,ComaBer ,Name Coma Ber Cluster,0.034,11.64,-9223372036854775808,1237667912206712895,12490041+2521356,J124900.40+252135.4,192.2517458261287,25.359879800022078,11.546957,12.251236,10.764382,12.484915685814189,0.034330938,2.1291509,452472.9067143817,162.93044,418,11.548386,12.225553,10.751073,79.63886,79.89826,80.121994,79.63982,79.87016,80.11224,6378726755885124421,20.2671,0.0741,0,6378726755885124421,,,0,15.11637,0.01689346,,,,,,,,,-32768,-2147483648,-32768,,,-32768,-2147483648,-32768,,,-32768,-2147483648,-32768,,,-32768,-2147483648,-32768,,,-32768,-2147483648,-32768,,,-32768,-2147483648,-32768,,,12490041+2521356,9.75,0.020,9.19,0.021,9.069,0.015,AAA,222,111,000,1,J124900.40+252135.4,8.962,0.021,9.005,0.019,8.858,0.03,8.598,0.393,0000,0,AAAC,0011,                            ,,,,        ,
40,4002733774106104192,4002733774106104192,ComaBer ,Name Coma Ber Cluster,0.034,11.64,-9223372036854775808,1237667910592036869,12074177+2412593,J120741.75+241259.2,181.924006587826,24.216476080352784,11.8359785,12.600148,10.998617,10.665805854575684,0.050059922,3.5623815,349396.7854557472,95.635124,333,11.829069,12.575859,10.982063,93.040596,93.47686,93.918106,93.09212,93.51071,93.95234,6378867495520964509,20.9702,0.128,0,6378867495520964509,,,0,15.57531,0.00917186,,,,,,,,,-32768,-2147483648,-32768,,,-32768,-2147483648,-32768,,,-32768,-2147483648,-32768,,,-32768,-2147483648,-32768,,,-32768,-2147483648,-32768,,,-32768,-2147483648,-32768,,,12074177+2412593,9.959,0.022,9.332,0.022,9.177,0.017,AAA,222,111,000,1,J120741.75+241259.2,9.075,0.022,9.102,0.02,9.03,0.031,8.109,,0000,0,AAAU,0000,                            ,,,,        ,
41,3961802632696061056,3961802632696061056,ComaBer ,Name Coma Ber Cluster,0.034,11.64,-9223372036854775808,1237667442973933636,12492420+2709577,J124924.18+270957.8,192.35078938990782,27.16608594144065,12.407154,13.219468,11.534423,11.192792154533347,0.019198844,1.2591504,207316.24556757213,65.603226,347,12.395783,13.2003765,11.518285,89.03165,89.21978,89.38205,89.080315,89.26592,89.41207,-9223372036854775808,,,-32768,-9223372036854775808,,,-32768,16.33276,0.02302713,,,,,,,,,-32768,-2147483648,-32768,,,-32768,-2147483648,-32768,,,-32768,-2147483648,-32768,,,-32768,-2147483648,-32768,,,-32768,-2147483648,-32768,,,-32768,-2147483648,-32768,,,12492420+2709577,10.42,0.019,9.788,0.015,9.652,0.021,AAA,222,111,000,1,J124924.18+270957.8,9.569,0.023,9.615,0.021,9.517,0.039,8.705,,0000,0,AAAU,0011,                            ,,,,        ,
42,4004752992851572096,4004752992851926400,ComaBer ,Name Coma Ber Cluster,0.034,11.64,-9223372036854775808,1237667912201469964,11553056+2528327,J115530.54+252832.6,178.87730734653735,25.475747195904624,12.468638,13.366029,11.550767,12.438254449808488,0.023435704,1.23159,196332.56563959716,206.96402,433,12.454886,13.330119,11.527107,80.15785,80.293816,80.43661,80.20129,80.352325,80.49287,6378867461161226251,20.6132,0.1877,17,6378867461161226251,,,0,16.33731,0.01246079,13.77985,0.0199575,,,,,,,-32768,-2147483648,-32768,,,-32768,-2147483648,-32768,,,-32768,-2147483648,-32768,,,-32768,-2147483648,-32768,,,-32768,-2147483648,-32768,,,-32768,-2147483648,-32768,,,11553056+2528327,10.312,0.021,9.689,0.023,9.52,0.018,AAA,222,111,000,1,J115530.54+252832.6,9.442,0.022,9.45,0.019,9.365,0.035,9.081,0.519,hh00,0,AAAC,0000,                            ,,,,        ,
43,3944475772551653632,3944475772551653632,ComaBer ,Name Coma Ber Cluster,0.034,11.64,-9223372036854775808,1237667735586734117,13010287+2228131,J130102.87+222812.9,195.2620274301242,22.470284548970927,12.619668,13.494914,11.708875,11.608296862928679,0.022252472,1.580077,170846.00056636927,42.30598,471,12.605855,13.473685,11.688945,85.9301,86.06886,86.25271,85.862366,86.00889,86.17249,6378621163040409950,21.1533,0.2593,0,6378621163040409950,,,0,16.54839,0.01736932,,,,,,,,,-32768,-2147483648,-32768,,,-32768,-2147483648,-32768,,,-32768,-2147483648,-32768,,,-32768,-2147483648,-32768,,,-32768,-2147483648,-32768,,,-32768,-2147483648,-32768,,,13010287+2228131,10.508,0.022,9.91,0.021,9.689,0.019,AAA,222,111,000,1,J130102.87+222812.9,9.631,0.023,9.663,0.02,9.548,0.041,8.491,,0000,0,AAAU,0033,                            ,,,,        ,
44,3953876974926061056,3953876974926061056,ComaBer ,Name Coma Ber Cluster,0.034,11.64,-9223372036854775808,1237667910056935469,12252505+2350527,J122525.04+235052.6,186.3543886235724,23.84798221368647,12.816661,13.722971,11.888563,11.274731075568715,0.024897968,1.242357,142258.1469615465,44.315384,277,12.804674,13.702329,11.8703375,88.361626,88.5455,88.74437,88.41522,88.617386,88.80922,6378726715082933868,21.8294,0.3983,0,6378726715082933868,,,0,16.91371,0.01597618,14.22995,0.01914262,,,,,,,-32768,-2147483648,-32768,,,-32768,-2147483648,-32768,,,-32768,-2147483648,-32768,,,-32768,-2147483648,-32768,,,-32768,-2147483648,-32768,,,-32768,-2147483648,-32768,,,12252505+2350527,10.715,0.020,10.072,0.020,9.873,0.017,AAA,222,111,000,1,J122525.04+235052.6,9.791,0.023,9.799,0.02,9.653,0.045,8.523,,0000,0,AAAU,0000,                            ,,,,        ,
45,3952684039169530752,3952684039169530752,ComaBer ,Name Coma Ber Cluster,0.034,11.64,-9223372036854775808,1237667781761957915,12292491+2146498,J122924.90+214649.6,187.35380673123439,21.780488047070122,12.897622,13.864989,11.939245,12.149635632868025,0.01890251,1.1550747,131703.74829038486,53.23642,355,12.888371,13.845309,11.918502,82.07522,82.18745,82.28464,82.075096,82.20641,82.33956,6378726738705253265,22.4363,0.496,0,6378726738705253265,,,0,17.10605,0.03411441,14.47327,0.04269354,,,,,,,-32768,-2147483648,-32768,,,-32768,-2147483648,-32768,,,-32768,-2147483648,-32768,,,-32768,-2147483648,-32768,,,-32768,-2147483648,-32768,,,-32768,-2147483648,-32768,,,12292491+2146498,10.714,0.023,10.048,0.028,9.881,0.021,AAA,222,111,000,1,J122924.90+214649.6,9.754,0.022,9.749,0.021,9.618,0.041,8.875,0.435,0000,0,AAAC,0000,                            ,,,,        ,
46,3958873739878027392,3958873739878027392,ComaBer ,Name Coma Ber Cluster,0.034,11.64,-9223372036854775808,1237667736658182209,12381145+2333223,J123811.44+233322.0,189.5477303421357,23.556146398567574,12.980109,13.936599,12.023665,11.478927455532551,0.027690155,1.461974,122438.54740663462,42.403954,472,12.967571,13.916719,12.004886,86.682846,86.888374,87.12494,86.75272,86.93487,87.106186,6378726747295189037,21.7917,0.2272,0,6378726747295189037,,,0,17.04226,0.02233767,14.47228,0.01820656,,,,,,,-32768,-2147483648,-32768,,,-32768,-2147483648,-32768,,,-32768,-2147483648,-32768,,,-32768,-2147483648,-32768,,,-32768,-2147483648,-32768,,,-32768,-2147483648,-32768,,,12381145+2333223,10.776,0.022,10.163,0.023,9.963,0.020,AAA,222,111,000,1,J123811.44+233322.0,9.85,0.023,9.851,0.02,9.689,0.041,8.753,,0000,0,AAAU,0011,                            ,,,,        ,
47,3959582478201258496,3959582478201258496,ComaBer ,Name Coma Ber Cluster,0.034,11.64,-9223372036854775808,1237667446731374703,12351745+2427540,J123517.44+242754.1,188.82270030070467,24.465054277001904,13.463206,14.507105,12.454122,11.152993528383135,0.01699836,1.1248349,78684.20818687949,23.636272,419,13.447648,14.484839,12.436649,89.20413,89.34571,89.48202,89.19748,89.340034,89.4721,-9223372036854775808,,,-32768,-9223372036854775808,,,-32768,17.72526,0.02136503,15.07457,0.03271396,,,,,,,-32768,-2147483648,-32768,,,-32768,-2147483648,-32768,,,-32768,-2147483648,-32768,,,-32768,-2147483648,-32768,,,-32768,-2147483648,-32768,,,-32768,-2147483648,-32768,,,12351745+2427540,11.142,0.023,10.508,0.028,10.309,0.022,AAA,222,111,000,1,J123517.44+242754.1,10.206,0.022,10.142,0.02,10.048,0.051,8.76,,0000,0,AAAU,0011,                            ,,,,        ,
48,4006473213152260736,4006473213152260736,ComaBer ,Name Coma Ber Cluster,0.034,11.64,-9223372036854775808,1237667322181189727,11590521+2644346,J115905.19+264434.5,179.7717043352626,26.74296218038124,13.604043,14.6958475,12.573391,11.217596090123768,0.017822651,1.1159027,69073.17190808283,24.895159,341,13.589093,14.67826,12.551653,88.66438,88.77996,88.90822,88.61047,88.76443,88.89496,-9223372036854775808,,,-32768,-9223372036854775808,,,-32768,17.82932,0.03878915,15.19728,0.03224542,,,,,,,-32768,-2147483648,-32768,,,-32768,-2147483648,-32768,,,-32768,-2147483648,-32768,,,-32768,-2147483648,-32768,,,-32768,-2147483648,-32768,,,-32768,-2147483648,-32768,,,11590521+2644346,11.222,0.019,10.579,0.019,10.373,0.019,AAA,222,111,000,1,J115905.19+264434.5,10.26,0.022,10.187,0.02,10.029,0.063,8.519,,0000,0,AAAU,0000,                            ,,,,        ,
49,3959503725681020032,3959503725681020032,ComaBer ,Name Coma Ber Cluster,0.034,11.64,-9223372036854775808,1237667447805837376,12423885+2509373,J124238.84+250937.3,190.66190448758232,25.160391758914546,13.6953945,14.791964,12.65926,11.102766482253795,0.016667759,1.0600045,63628.79196857726,29.883602,404,13.678233,14.771612,12.638356,89.60302,89.72622,89.84917,89.55576,89.71319,89.85638,-9223372036854775808,,,-32768,-9223372036854775808,,,-32768,17.83168,0.0205074,,,,,,,,,-32768,-2147483648,-32768,,,-32768,-2147483648,-32768,,,-32768,-2147483648,-32768,,,-32768,-2147483648,-32768,,,-32768,-2147483648,-32768,,,-32768,-2147483648,-32768,,,12423885+2509373,11.298,0.020,10.689,0.021,10.46,0.018,AAA,222,111,000,1,J124238.84+250937.3,10.346,0.023,10.277,0.02,10.099,0.062,8.813,,0000,0,AAAU,0011,                            ,,,,        ,
50,3960936801648700928,3960936801648700928,ComaBer ,Name Coma Ber Cluster,0.034,11.64,-9223372036854775808,1237667911669448716,12442999+2456025,J124429.97+245602.6,191.12495271819319,24.93407912483837,13.777957,14.965337,12.701937,12.099572411240779,0.01958358,1.1449169,58814.62643623672,27.498144,361,13.763654,14.946782,12.682679,82.167305,82.32655,82.45842,82.210266,82.329445,82.4483,6378726756958868633,22.4018,0.2864,0,6378726756958868633,,,256,18.21715,0.02348713,,,,,,,,,-32768,-2147483648,-32768,,,-32768,-2147483648,-32768,,,-32768,-2147483648,-32768,,,-32768,-2147483648,-32768,,,-32768,-2147483648,-32768,,,-32768,-2147483648,-32768,,,12442999+2456025,11.262,0.022,10.696,0.030,10.452,0.021,AAA,222,111,000,1,J124429.97+245602.6,10.317,0.022,10.228,0.02,10.141,0.059,8.45,,0000,0,AAAU,0011,                            ,,,,        ,
51,4011987813721043456,4011987813721043456,ComaBer ,Name Coma Ber Cluster,0.034,11.64,-9223372036854775808,1237667254553149455,12244354+3017502,J122443.54+301750.1,186.1814823619415,30.29729784403859,13.91708,15.095154,12.844839,11.698690900257414,0.018011902,1.101506,51923.12132399268,25.821917,300,13.898965,15.072112,12.82489,85.0237,85.14582,85.285225,85.043106,85.17139,85.278915,-9223372036854775808,,,-32768,-9223372036854775808,,,-32768,18.22376,0.03165712,15.61119,0.04202456,14.20993,0.02713947,,,,,-32768,-2147483648,-32768,,,-32768,-2147483648,-32768,,,-32768,-2147483648,-32768,,,-32768,-2147483648,-32768,,,-32768,-2147483648,-32768,,,-32768,-2147483648,-32768,,,12244354+3017502,11.423,0.023,10.801,0.028,10.601,0.022,AAA,222,111,000,1,J122443.54+301750.1,10.475,0.023,10.384,0.02,10.236,0.077,8.889,,0000,0,AAAU,0000,                            ,,,,        ,
52,3960449099522357376,3960449099522357376,ComaBer ,Name Coma Ber Cluster,0.034,11.64,-9223372036854775808,1237667912205008922,12312773+2523396,J123127.72+252339.7,187.86554739641585,25.394401605796784,13.969582,15.181364,12.8792715,12.044899282623948,0.026056385,1.1366155,49536.14186784488,36.7165,268,13.950062,15.155577,12.857037,82.50279,82.6806,82.86833,82.47371,82.685555,82.9044,-9223372036854775808,,,-32768,-9223372036854775808,,,-32768,18.40156,0.02426127,15.81536,0.01170246,,,,,,,-32768,-2147483648,-32768,,,-32768,-2147483648,-32768,,,-32768,-2147483648,-32768,,,-32768,-2147483648,-32768,,,-32768,-2147483648,-32768,,,-32768,-2147483648,-32768,,,12312773+2523396,11.438,0.023,10.842,0.030,10.634,0.020,AAA,222,111,000,1,J123127.72+252339.7,10.471,0.023,10.368,0.02,10.33,0.073,8.911,,0000,0,AAAU,0011,                            ,,,,        ,
53,3960536716855239936,3960536716855239936,ComaBer ,Name Coma Ber Cluster,0.034,11.64,-9223372036854775808,1237667912742469731,12375631+2551453,J123756.29+255145.2,189.48461815215137,25.862596928719427,14.040591,15.244373,12.951935,11.626214557788911,0.020448832,1.0829241,46327.10997937371,20.772568,421,14.0227785,15.228456,12.932301,85.57489,85.73241,85.899796,85.49155,85.65601,85.8096,-9223372036854775808,,,-32768,-9223372036854775808,,,-32768,18.36813,0.02145813,15.73951,0.01599045,14.3352,0.01519201,,,,,-32768,-2147483648,-32768,,,-32768,-2147483648,-32768,,,-32768,-2147483648,-32768,,,-32768,-2147483648,-32768,,,-32768,-2147483648,-32768,,,-32768,-2147483648,-32768,,,12375631+2551453,11.491,0.024,10.893,0.033,10.684,0.021,AAA,222,111,000,1,J123756.29+255145.2,10.538,0.023,10.427,0.02,10.283,0.071,8.316,,0000,0,AAAU,0011,                            ,,,,        ,
54,3953836670952932224,3953836670952932224,ComaBer ,Name Coma Ber Cluster,0.034,11.64,-9223372036854775808,1237667783908917250,12235553+2324521,J122355.51+232451.9,185.98133934477227,23.414469015273117,14.118317,15.314468,13.035185,11.323041456709461,0.021666925,1.1307029,43032.00295220016,18.284616,321,14.102888,15.296041,13.014709,87.79408,87.98816,88.181595,87.74026,87.96183,88.1171,-9223372036854775808,,,-32768,-9223372036854775808,,,-32768,18.44081,0.02772181,15.87798,0.02072192,14.48323,0.01970056,,,,,-32768,-2147483648,-32768,,,-32768,-2147483648,-32768,,,-32768,-2147483648,-32768,,,-32768,-2147483648,-32768,,,-32768,-2147483648,-32768,,,-32768,-2147483648,-32768,,,12235553+2324521,11.591,0.020,10.995,0.023,10.775,0.017,AAA,222,111,000,1,J122355.51+232451.9,10.644,0.023,10.534,0.021,10.368,0.074,8.564,,0000,0,AAAU,0000,                            ,,,,        ,
55,3952978708285528960,3952978708285528960,ComaBer ,Name Coma Ber Cluster,0.034,11.64,-9223372036854775808,1237667782835437641,12265664+2240262,J122656.63+224026.2,186.73603804070245,22.673998780250148,14.192387,15.465734,13.076956,11.374720176864988,0.025414383,1.1558989,40407.6263390477,31.91995,284,14.171208,15.4370575,13.053274,87.352776,87.53744,87.7095,87.28806,87.49743,87.72477,-9223372036854775808,,,-32768,-9223372036854775808,,,-32768,18.57821,0.01918443,16.0708,0.03024148,14.6839,0.02090258,,,,,-32768,-2147483648,-32768,,,-32768,-2147483648,-32768,,,-32768,-2147483648,-32768,,,-32768,-2147483648,-32768,,,-32768,-2147483648,-32768,,,-32768,-2147483648,-32768,,,12265664+2240262,11.556,0.020,10.951,0.022,10.715,0.017,AAA,222,111,000,1,J122656.63+224026.2,10.625,0.023,10.494,0.02,10.316,0.061,8.892,,0000,0,AAAU,0000,                            ,,,,        ,
56,4009049575054518400,4009049575054518400,ComaBer ,Name Coma Ber Cluster,0.034,11.64,-9223372036854775808,1237667322183745621,12250262+2642382,J122502.62+264238.1,186.26100153969367,26.710617560548698,14.247915,15.526289,13.130668,11.927210772640516,0.02239863,1.1441921,38025.5945646112,51.780426,265,14.237177,15.517051,13.117344,83.37555,83.507286,83.658165,83.357666,83.51167,83.649536,-9223372036854775808,,,-32768,-9223372036854775808,,,-32768,18.69818,0.02590218,16.10968,0.02292415,14.64233,0.01712697,,,,,-32768,-2147483648,-32768,,,-32768,-2147483648,-32768,,,-32768,-2147483648,-32768,,,-32768,-2147483648,-32768,,,-32768,-2147483648,-32768,,,-32768,-2147483648,-32768,,,12250262+2642382,11.621,0.019,11.028,0.016,10.791,0.020,AAA,222,111,000,1,J122502.62+264238.1,10.667,0.023,10.54,0.021,10.622,0.087,8.568,,0000,0,AAAU,0000,                            ,,,,        ,
57,3925960409056374016,3925960409056374016,ComaBer ,Name Coma Ber Cluster,0.034,11.64,-9223372036854775808,1237668495783952419,12033271+1728160,J120332.70+172815.9,180.886286966377,17.471110164129446,14.472909,15.749575,13.358034,11.030144920789157,0.02487499,1.1670591,31137.3205207356,15.904791,361,14.454164,15.731987,13.337489,90.08914,90.27857,90.45106,90.05453,90.256035,90.443054,-9223372036854775808,,,-32768,-9223372036854775808,,,-32768,18.79981,0.03448867,,,14.8578,0.01833121,,,,,-32768,-2147483648,-32768,,,-32768,-2147483648,-32768,,,-32768,-2147483648,-32768,,,-32768,-2147483648,-32768,,,-32768,-2147483648,-32768,,,-32768,-2147483648,-32768,,,12033271+1728160,11.874,0.021,11.214,0.022,11.027,0.023,AAA,222,111,000,1,J120332.70+172815.9,10.905,0.024,10.776,0.02,10.589,0.081,8.338,,0000,0,AAAU,0000,                            ,,,,        ,
58,3959841756787187456,3959841756787187456,ComaBer ,Name Coma Ber Cluster,0.034,11.64,-9223372036854775808,1237667446193979472,12300487+2402338,J123004.85+240233.8,187.52028850433226,24.042753750382076,14.475163,15.811799,13.334348,11.410721229347255,0.028767787,1.0726526,31177.683358704267,14.975017,324,14.452757,15.789335,13.312615,87.087074,87.2907,87.48593,87.04299,87.271065,87.48542,-9223372036854775808,,,-32768,-9223372036854775808,,,-32768,19.00022,0.02037699,16.37023,0.01695382,14.93134,0.0113927,,,,,-32768,-2147483648,-32768,,,-32768,-2147483648,-32768,,,-32768,-2147483648,-32768,,,-32768,-2147483648,-32768,,,-32768,-2147483648,-32768,,,-32768,-2147483648,-32768,,,12300487+2402338,11.774,0.022,11.182,0.016,10.937,0.019,AAA,222,111,000,1,J123004.85+240233.8,10.821,0.023,10.691,0.02,10.675,0.089,8.497,,0000,0,AAAU,0011,                            ,,,,        ,
59,4001643230370061056,4001643230370061056,ComaBer ,Name Coma Ber Cluster,0.034,11.64,-9223372036854775808,1237667736118886467,12142652+2314025,J121426.51+231402.4,183.61052743057343,23.23402500865165,14.489026,15.767815,13.366261,10.983413907236292,0.030962477,1.4046948,30584.86290746707,22.557535,326,14.4736,15.7514925,13.345751,90.337555,90.618095,90.86432,90.39544,90.69914,90.93281,-9223372036854775808,,,-32768,-9223372036854775808,,,-32768,18.89429,0.0211486,16.32591,0.01596329,,,,,,,-32768,-2147483648,-32768,,,-32768,-2147483648,-32768,,,-32768,-2147483648,-32768,,,-32768,-2147483648,-32768,,,-32768,-2147483648,-32768,,,-32768,-2147483648,-32768,,,12142652+2314025,11.806,0.024,11.244,0.031,10.972,0.022,AAA,222,111,000,1,J121426.51+231402.4,10.847,0.023,10.712,0.021,10.479,0.078,8.467,,0000,0,AAAU,0000,                            ,,,,        ,
60,4009058199348854656,4009058199348854656,ComaBer ,Name Coma Ber Cluster,0.034,11.64,-9223372036854775808,1237667322183811370,12255421+2651387,J122554.21+265138.6,186.4759290837292,26.860746076431244,14.664462,16.004536,13.519615,11.50106020325637,0.026346087,1.0813879,26149.084455663753,17.7586,296,14.643725,15.984687,13.499988,86.35586,86.54993,86.75768,86.36539,86.598526,86.785385,-9223372036854775808,,,-32768,-9223372036854775808,,,-32768,19.10505,0.02424452,16.56813,0.02376073,15.11153,0.02389757,,,,,-32768,-2147483648,-32768,,,-32768,-2147483648,-32768,,,-32768,-2147483648,-32768,,,-32768,-2147483648,-32768,,,-32768,-2147483648,-32768,,,-32768,-2147483648,-32768,,,12255421+2651387,11.984,0.022,11.389,0.028,11.143,0.020,AAA,222,111,000,1,J122554.21+265138.6,11.0,0.022,10.875,0.02,10.681,0.1,8.852,,0000,0,AAAU,0000,                            ,,,,        ,
61,3950889739272160768,3950889739272160768,ComaBer ,Name Coma Ber Cluster,0.034,11.64,-9223372036854775808,1237667914345087023,12052473+1855010,                   ,181.35296635951397,18.9169039652173,14.739148,16.115648,13.560793,11.131337699640712,0.027512332,1.1363466,24513.544960345116,24.589207,332,14.713852,16.094234,13.540233,89.166595,89.445465,89.69682,89.198425,89.470146,89.66562,-9223372036854775808,,,-32768,-9223372036854775808,,,-32768,19.30332,0.02514162,16.48472,0.01970902,,,,,,,-32768,-2147483648,-32768,,,-32768,-2147483648,-32768,,,-32768,-2147483648,-32768,,,-32768,-2147483648,-32768,,,-32768,-2147483648,-32768,,,-32768,-2147483648,-32768,,,12052473+1855010,11.789,0.027,11.255,0.032,10.981,0.027,EEE,222,111,000,1,                   ,,,,,,,,,    ,-2147483648,    ,    ,                            ,,,,        ,
62,3951789723899244800,3951789723899244800,ComaBer ,Name Coma Ber Cluster,0.034,11.64,-9223372036854775808,1237667917030031442,12104590+2106052,J121045.89+210605.2,182.69126056170666,21.10146341769017,14.747188,16.048471,13.619987,11.388884815422808,0.0347631,1.1032724,24206.53020076194,13.611338,285,14.727535,16.03305,13.60035,87.22748,87.48265,87.73267,87.17492,87.42427,87.66644,-9223372036854775808,,,-32768,-9223372036854775808,,,-32768,19.35473,0.02738097,16.65521,0.01997601,15.21066,0.01220585,,,,,-32768,-2147483648,-32768,,,-32768,-2147483648,-32768,,,-32768,-2147483648,-32768,,,-32768,-2147483648,-32768,,,-32768,-2147483648,-32768,,,-32768,-2147483648,-32768,,,12104590+2106052,12.084,0.026,11.562,0.033,11.294,0.021,AAA,222,111,000,1,J121045.89+210605.2,11.133,0.023,10.995,0.021,10.711,0.091,8.616,,00Pp,0,AAAU,0000,                            ,,,,        ,
63,4004509451025280768,4004509451025280768,ComaBer ,Name Coma Ber Cluster,0.034,11.64,-9223372036854775808,1237667911127859335,11571593+2439051,                   ,179.31639298765657,24.65143235742743,14.837283,16.277224,13.6602745,11.759374787253192,0.02449863,1.0505103,22328.006203701294,11.229243,411,14.815242,16.258604,13.639269,84.48391,84.68108,84.82788,84.51413,84.67634,84.85661,-9223372036854775808,,,-32768,-9223372036854775808,,,-32768,19.57054,0.03528582,16.88313,0.01520664,15.46211,0.0190174,,,,,-32768,-2147483648,-32768,,,-32768,-2147483648,-32768,,,-32768,-2147483648,-32768,,,-32768,-2147483648,-32768,,,-32768,-2147483648,-32768,,,-32768,-2147483648,-32768,,,11571593+2439051,12.052,0.024,11.439,0.024,11.202,0.023,AAA,222,111,000,1,                   ,,,,,,,,,    ,-2147483648,    ,    ,                            ,,,,        ,
64,3954074577781239936,3954074577781239936,ComaBer ,Name Coma Ber Cluster,0.034,11.64,-9223372036854775808,1237667910056673410,12231200+2356148,J122312.01+235614.9,185.80010949630548,23.937503218961318,14.988673,16.417643,13.809586,11.237113446675087,0.029610882,1.1321821,19509.07355346474,13.989546,296,14.961775,16.391827,13.789779,88.435234,88.62372,88.89242,88.36269,88.617134,88.87313,-9223372036854775808,,,-32768,-9223372036854775808,,,-32768,,,16.96278,0.01813752,15.53606,0.01241478,,,,,-32768,-2147483648,-32768,,,-32768,-2147483648,-32768,,,-32768,-2147483648,-32768,,,-32768,-2147483648,-32768,,,-32768,-2147483648,-32768,,,-32768,-2147483648,-32768,,,12231200+2356148,12.204,0.022,11.614,0.022,11.384,0.018,AAA,222,111,000,1,J122312.01+235614.9,11.25,0.024,11.095,0.02,10.907,0.117,8.779,,0000,0,AABU,0000,                            ,,,,        ,
65,4001382061998604288,4001382061998604288,ComaBer ,Name Coma Ber Cluster,0.034,11.64,-9223372036854775808,1237667910054248602,11585412+2351087,J115854.11+235108.6,179.7255023341284,23.852409275094104,15.02069,16.469011,13.840009,11.027066143923953,0.033673685,1.1139282,18950.979673260492,12.943667,348,14.993288,16.434855,13.816191,90.04036,90.26101,90.53514,90.01933,90.29331,90.5562,-9223372036854775808,,,-32768,6378867472972383713,,,0,19.70818,0.03183524,17.00994,0.02265544,15.64946,0.01563692,,,,,-32768,-2147483648,-32768,,,-32768,-2147483648,-32768,,,-32768,-2147483648,-32768,,,-32768,-2147483648,-32768,,,-32768,-2147483648,-32768,,,-32768,-2147483648,-32768,,,11585412+2351087,12.207,0.020,11.647,0.024,11.378,0.018,AAA,222,111,000,1,J115854.11+235108.6,11.243,0.023,11.093,0.021,10.857,0.116,9.092,,0000,0,AABU,0000,                            ,,,,        ,
66,3954070042295789824,3954070042295789824,ComaBer ,Name Coma Ber Cluster,0.034,11.64,-9223372036854775808,1237667446193389704,12241087+2359362,J122410.86+235936.0,186.0453387143153,23.993383685934326,15.0323925,16.452057,13.856537,12.21414270752253,0.029530616,0.9835597,18695.07407323705,14.792305,315,15.008049,16.428556,13.834711,81.33489,81.48423,81.6621,81.3789,81.54035,81.71014,-9223372036854775808,,,-32768,-9223372036854775808,,,-32768,19.7921,0.03773034,17.02881,0.02035498,15.57751,0.01553242,,,,,-32768,-2147483648,-32768,,,-32768,-2147483648,-32768,,,-32768,-2147483648,-32768,,,-32768,-2147483648,-32768,,,-32768,-2147483648,-32768,,,-32768,-2147483648,-32768,,,12241087+2359362,12.266,0.021,11.664,0.020,11.452,0.018,AAA,222,111,000,1,J122410.86+235936.0,11.273,0.023,11.106,0.021,10.751,0.095,8.506,,dd00,0,AAAU,0000,                            ,,,,        ,
67,4009455054326835968,4009455054326835968,ComaBer ,Name Coma Ber Cluster,0.034,11.64,-9223372036854775808,1237667442433851672,12163730+2653582,J121637.28+265358.0,184.1554243663885,26.899480070856974,15.061855,16.514685,13.878326,11.5095241037187,0.032620914,1.1497105,18167.94760636984,9.268039,302,15.039103,16.50075,13.859041,86.289444,86.52317,86.76917,86.264046,86.52953,86.7686,6374856493211061020,19.9665,0.1266,0,6374856493211061020,22.121,0.4751,0,19.88197,0.03770695,17.17071,0.01272869,15.6905,0.02179762,,,,,-32768,-2147483648,-32768,,,-32768,-2147483648,-32768,,,-32768,-2147483648,-32768,,,-32768,-2147483648,-32768,,,-32768,-2147483648,-32768,,,-32768,-2147483648,-32768,,,12163730+2653582,12.225,0.022,11.68,0.024,11.42,0.018,AAA,222,111,000,1,J121637.28+265358.0,11.283,0.024,11.106,0.021,10.99,0.116,8.868,,0000,0,AABU,0000,                            ,,,,        ,
68,4008487999490702720,4008487999490702720,ComaBer ,Name Coma Ber Cluster,0.034,11.64,-9223372036854775808,1237667912203894974,12201448+2526072,J122014.47+252607.2,185.06032933461128,25.435380430352627,15.083953,16.520258,13.905882,11.09760298651183,0.028483419,0.9785833,17842.58642546645,10.0773535,331,15.0587225,16.496576,13.884404,89.44074,89.709885,89.96125,89.45033,89.6586,89.875885,-9223372036854775808,,,-32768,-9223372036854775808,,,-32768,19.82867,0.03260815,17.1319,0.01600078,15.68051,0.01437254,,,,,-32768,-2147483648,-32768,,,-32768,-2147483648,-32768,,,-32768,-2147483648,-32768,,,-32768,-2147483648,-32768,,,-32768,-2147483648,-32768,,,-32768,-2147483648,-32768,,,12201448+2526072,12.246,0.024,11.705,0.032,11.478,0.024,AAA,222,111,000,1,J122014.47+252607.2,11.329,0.023,11.157,0.02,10.888,0.1,8.985,,0000,0,AAAU,0000,                            ,,,,        ,
69,3959379102909992576,3959379102909992576,ComaBer ,Name Coma Ber Cluster,0.034,11.64,-9223372036854775808,1237667910595575895,12430658+2415172,J124306.57+241517.1,190.77744102446604,24.254782606618548,15.152504,16.671494,13.938391,11.886223545276513,0.0360862,1.1357338,16742.90837770885,25.312468,395,15.1277895,16.65821,13.925117,83.523705,83.78354,84.01838,83.441055,83.72505,83.936615,-9223372036854775808,,,-32768,-9223372036854775808,,,-32768,19.91146,0.03678894,17.22294,0.01804014,15.74811,0.02000945,,,,,-32768,-2147483648,-32768,,,-32768,-2147483648,-32768,,,-32768,-2147483648,-32768,,,-32768,-2147483648,-32768,,,-32768,-2147483648,-32768,,,-32768,-2147483648,-32768,,,12430658+2415172,12.24,0.020,11.653,0.021,11.414,0.018,AAA,222,111,000,1,J124306.57+241517.1,11.272,0.022,11.095,0.02,10.774,0.102,9.173,,0000,0,AAAU,0011,                            ,,,,        ,
70,4000505441994196352,4000505441994196352,ComaBer ,Name Coma Ber Cluster,0.034,11.64,-9223372036854775808,1237667734506700893,11584680+2154284,J115846.79+215428.2,179.6950250165798,21.90787670136478,15.155174,16.534046,13.995264,11.45917612837986,0.037379812,1.0427108,16674.15369050206,7.587921,346,15.132257,16.511414,13.976976,86.56219,86.82255,87.06411,86.62271,86.86031,87.12937,-9223372036854775808,,,-32768,-9223372036854775808,,,-32768,19.8798,0.03914278,17.10057,0.02641142,,,,,,,-32768,-2147483648,-32768,,,-32768,-2147483648,-32768,,,-32768,-2147483648,-32768,,,-32768,-2147483648,-32768,,,-32768,-2147483648,-32768,,,-32768,-2147483648,-32768,,,11584680+2154284,12.462,0.022,11.833,0.022,11.605,0.018,AAA,222,111,000,1,J115846.79+215428.2,11.451,0.022,11.32,0.021,11.083,0.145,8.223,,0000,0,AABU,0000,                            ,,,,        ,
71,3962716670455862528,3962716670455862528,ComaBer ,Name Coma Ber Cluster,0.034,11.64,-9223372036854775808,1237667444047216710,12443091+2809492,J124430.91+280949.1,191.12885014149683,28.163708193222558,15.160006,16.712555,13.935186,12.029821150011452,0.03734682,1.0721408,16671.005505598478,12.916519,333,15.1324625,16.70035,13.919769,82.446815,82.70355,82.94178,82.559845,82.773544,83.04945,6374891667917375417,21.6425,0.2534,0,6374891667917375417,,,0,19.79556,0.03373213,17.36546,0.02056105,15.89255,0.01386005,,,,,-32768,-2147483648,-32768,,,-32768,-2147483648,-32768,,,-32768,-2147483648,-32768,,,-32768,-2147483648,-32768,,,-32768,-2147483648,-32768,,,-32768,-2147483648,-32768,,,12443091+2809492,12.242,0.024,11.655,0.030,11.417,0.024,AAA,222,111,000,1,J124430.91+280949.1,11.242,0.022,11.06,0.021,10.961,0.116,9.116,,0000,0,AABU,0011,                            ,,,,        ,
72,3959922399093081216,3959922399093081216,ComaBer ,Name Coma Ber Cluster,0.034,11.64,-9223372036854775808,1237667910594068598,12280453+2421077,J122804.52+242107.5,187.01888768436882,24.352120468064747,15.216353,16.686136,14.02302,11.840128277157346,0.03548234,1.1740091,15803.229144673154,8.562238,312,15.190502,16.671638,14.003668,83.720665,84.03355,84.310326,83.77318,84.05589,84.35654,-9223372036854775808,,,-32768,-9223372036854775808,,,-32768,20.05519,0.04235877,17.27112,0.0178255,15.80924,0.01372059,,,,,-32768,-2147483648,-32768,,,-32768,-2147483648,-32768,,,-32768,-2147483648,-32768,,,-32768,-2147483648,-32768,,,-32768,-2147483648,-32768,,,-32768,-2147483648,-32768,,,12280453+2421077,12.392,0.023,11.835,0.032,11.579,0.021,AAA,222,111,000,1,J122804.52+242107.5,11.416,0.023,11.252,0.021,11.283,0.161,9.098,,0000,0,AABU,0000,                            ,,,,        ,
73,3950758897388449152,3950758897388449152,ComaBer ,Name Coma Ber Cluster,0.034,11.64,-9223372036854775808,1237667915957010624,12175369+2022360,J121753.69+202236.1,184.4737595597014,20.37674226338035,15.2921,16.854515,14.027469,11.73528394912061,0.14458779,3.9798892,14122.897160546752,22.387323,301,15.312557,16.826675,14.014701,83.80707,84.83177,85.74715,83.470634,84.67561,85.75808,6378726719377901407,21.7553,0.407,0,6378726719377901407,,,0,19.86821,0.03436166,17.50064,0.02806788,16.00964,0.02384889,,,,,-32768,-2147483648,-32768,,,-32768,-2147483648,-32768,,,-32768,-2147483648,-32768,,,-32768,-2147483648,-32768,,,-32768,-2147483648,-32768,,,-32768,-2147483648,-32768,,,12175369+2022360,12.332,0.021,11.719,0.022,11.497,0.018,AAA,222,111,000,1,J121753.69+202236.1,11.321,0.023,11.161,0.02,11.1,0.126,8.889,,0000,0,AABU,0000,                            ,,,,        ,
74,3962261129044623232,3962261129044623232,ComaBer ,Name Coma Ber Cluster,0.034,11.64,-9223372036854775808,1237667442973081728,12404588+2712215,J124045.88+271221.5,190.19126128019036,27.20599722492339,15.313388,16.880919,14.089214,11.76710938207463,0.035678882,1.1187139,14443.140890665807,16.749428,388,15.288213,16.874758,14.072643,84.37445,84.61759,84.84994,84.33923,84.59316,84.79837,-9223372036854775808,,,-32768,-9223372036854775808,,,-32768,19.93323,0.0371286,17.42493,0.02018409,15.97237,0.01638573,,,,,-32768,-2147483648,-32768,,,-32768,-2147483648,-32768,,,-32768,-2147483648,-32768,,,-32768,-2147483648,-32768,,,-32768,-2147483648,-32768,,,-32768,-2147483648,-32768,,,12404588+2712215,12.407,0.029,11.849,0.032,11.586,0.024,AAA,222,111,000,1,J124045.88+271221.5,11.395,0.022,11.232,0.021,11.132,0.146,9.144,,0000,0,AABU,0011,                            ,,,,        ,
75,3958585461673131520,3958585461673131520,ComaBer ,Name Coma Ber Cluster,0.034,11.64,-9223372036854775808,1237667442437914704,12574860+2639367,J125748.60+263936.5,194.45257010176715,26.66018625410003,15.341196,16.913666,14.113443,11.80806815296974,0.03577825,1.0523344,14121.458881531024,7.1181674,434,15.312668,16.88588,14.095659,84.08383,84.351715,84.59206,84.0311,84.2686,84.513565,-9223372036854775808,,,-32768,-9223372036854775808,,,-32768,20.15129,0.04029024,17.54596,0.02098296,16.04831,0.0135345,,,,,-32768,-2147483648,-32768,,,-32768,-2147483648,-32768,,,-32768,-2147483648,-32768,,,-32768,-2147483648,-32768,,,-32768,-2147483648,-32768,,,-32768,-2147483648,-32768,,,12574860+2639367,12.404,0.023,11.811,0.033,11.576,0.021,AAA,222,111,000,1,J125748.60+263936.5,11.434,0.024,11.253,0.022,11.005,0.112,9.002,0.514,0000,0,AABC,0022,                            ,,,,        ,
76,4009109979474585600,4009109979474585600,ComaBer ,Name Coma Ber Cluster,0.034,11.64,-9223372036854775808,1237667442971705507,12264027+2718434,J122640.25+271843.3,186.66780679880543,27.31207361469782,15.348741,16.855282,14.137938,12.168466567916171,0.03715711,1.0963686,14001.778078429217,8.764771,277,15.321909,16.849604,14.122596,81.62056,81.87552,82.16773,81.59838,81.834854,82.12219,-9223372036854775808,,,-32768,-9223372036854775808,,,-32768,20.06642,0.04000035,17.49733,0.02907528,15.99204,0.01928443,,,,,-32768,-2147483648,-32768,,,-32768,-2147483648,-32768,,,-32768,-2147483648,-32768,,,-32768,-2147483648,-32768,,,-32768,-2147483648,-32768,,,-32768,-2147483648,-32768,,,12264027+2718434,12.462,0.022,11.896,0.029,11.672,0.025,AAA,222,111,000,1,J122640.25+271843.3,11.475,0.022,11.302,0.021,11.183,0.138,9.233,,0000,0,AABU,0000,                            ,,,,        ,
77,4011331164761568512,4011331164761568512,ComaBer ,Name Coma Ber Cluster,0.034,11.64,-9223372036854775808,1237667254017327296,12360880+2948106,J123608.80+294810.6,189.0367051183014,29.80300044671408,15.401283,17.013214,14.155247,11.770581129562839,0.0922049,2.9011626,13261.716506671297,12.193825,368,15.380868,16.990992,14.137068,83.974754,84.52911,85.15396,84.10974,84.67602,85.378365,-9223372036854775808,,,-32768,-9223372036854775808,,,-32768,20.04124,0.04061101,17.57607,0.02224224,16.09105,0.01381635,,,,,-32768,-2147483648,-32768,,,-32768,-2147483648,-32768,,,-32768,-2147483648,-32768,,,-32768,-2147483648,-32768,,,-32768,-2147483648,-32768,,,-32768,-2147483648,-32768,,,12360880+2948106,12.371,0.022,11.759,0.029,11.535,0.021,AAA,222,111,000,1,J123608.80+294810.6,11.383,0.022,11.207,0.022,11.153,0.127,8.775,,0000,0,AABU,0011,                            ,,,,        ,
78,4013361447341974912,4013361447341974912,ComaBer ,Name Coma Ber Cluster,0.034,11.64,-9223372036854775808,1237667210528948396,12151637+2921026,J121516.36+292102.5,183.81820157972777,29.350756066681562,15.409566,16.947233,14.195013,11.344105735979726,0.032347444,1.0305351,13225.989531270465,9.402737,347,15.383797,16.92455,14.175254,87.4893,87.732124,87.99013,87.49354,87.744316,87.973625,-9223372036854775808,,,-32768,-9223372036854775808,,,-32768,20.09014,0.03892805,17.50746,0.02352425,16.01383,0.01919053,,,,,-32768,-2147483648,-32768,,,-32768,-2147483648,-32768,,,-32768,-2147483648,-32768,,,-32768,-2147483648,-32768,,,-32768,-2147483648,-32768,,,-32768,-2147483648,-32768,,,12151637+2921026,12.506,0.021,11.952,0.021,11.684,0.018,AAA,222,111,000,1,J121516.36+292102.5,11.525,0.022,11.361,0.02,11.184,0.136,8.803,0.417,0000,0,AABC,0000,                            ,,,,        ,
79,4026284385460203904,4026284385460203904,ComaBer ,Name Coma Ber Cluster,0.034,11.64,-9223372036854775808,1237667212675121246,12005361+3049273,J120053.60+304927.2,180.22341156487502,30.82427145092595,15.535818,17.079317,14.319829,12.189834183790666,0.039912872,1.0399489,11780.89011274499,7.5558662,238,15.509421,17.04493,14.299833,81.44887,81.67925,81.924095,81.25065,81.59815,81.842224,-9223372036854775808,,,-32768,-9223372036854775808,,,-32768,20.27576,0.04837127,17.7123,0.01727084,16.22995,0.01621282,,,,,-32768,-2147483648,-32768,,,-32768,-2147483648,-32768,,,-32768,-2147483648,-32768,,,-32768,-2147483648,-32768,,,-32768,-2147483648,-32768,,,-32768,-2147483648,-32768,,,12005361+3049273,12.626,0.022,12.044,0.018,11.811,0.020,AAA,222,111,000,1,J120053.60+304927.2,11.656,0.023,11.467,0.022,11.215,0.149,8.754,,0000,0,AABU,0000,                            ,,,,        ,
80,4002671479900209536,4002671479900209536,ComaBer ,Name Coma Ber Cluster,0.034,11.64,-9223372036854775808,1237667446191423623,12042256+2401172,J120422.53+240117.1,181.0939247667412,24.021422882687578,15.768892,17.364965,14.534412,11.907278811155482,0.039914314,0.9981565,9545.926380951321,5.798785,318,15.737822,17.338787,14.513965,83.334305,83.546814,83.84386,83.39356,83.62236,83.84969,-9223372036854775808,,,-32768,-9223372036854775808,,,-32768,20.6811,0.0540568,17.9425,0.05043903,16.48792,0.02382696,,,,,-32768,-2147483648,-32768,,,-32768,-2147483648,-32768,,,-32768,-2147483648,-32768,,,-32768,-2147483648,-32768,,,-32768,-2147483648,-32768,,,-32768,-2147483648,-32768,,,12042256+2401172,12.854,0.022,12.285,0.021,11.993,0.020,AAA,222,111,000,1,J120422.53+240117.1,11.815,0.023,11.642,0.021,11.242,0.162,9.047,,0000,0,AABU,0000,                            ,,,,        ,
81,4010812263992578048,4010812263992578048,ComaBer ,Name Coma Ber Cluster,0.034,11.64,-9223372036854775808,1237667324331622625,12292038+2826038,J122920.37+282603.5,187.33495338233774,28.4343551615468,15.999697,17.60563,14.768768,11.098582802383646,0.05457495,1.0280377,7646.423563752894,6.02527,269,15.978721,17.582472,14.751305,89.27501,89.705986,90.18851,89.09871,89.6061,90.04973,-9223372036854775808,,,-32768,-9223372036854775808,,,-32768,20.66528,0.06889409,18.21949,0.02698674,16.73576,0.02644238,,,,,-32768,-2147483648,-32768,,,-32768,-2147483648,-32768,,,-32768,-2147483648,-32768,,,-32768,-2147483648,-32768,,,-32768,-2147483648,-32768,,,-32768,-2147483648,-32768,,,12292038+2826038,13.025,0.023,12.426,0.033,12.214,0.020,AAA,222,111,000,1,J122920.37+282603.5,12.048,0.023,11.865,0.022,11.876,0.251,8.704,,0000,0,AABU,0000,                            ,,,,        ,
82,3951753543094717184,3951753543094947840,ComaBer ,Name Coma Ber Cluster,0.034,11.64,-9223372036854775808,1237667917029769345,12081946+2104578,J120819.44+210457.6,182.08106114170667,21.08267707840308,16.016697,17.647085,14.785757,11.571628980711841,0.066643,1.1459144,7363.5561970606495,5.606329,354,16.019648,17.627483,14.766696,85.365,85.93195,86.44912,85.50511,86.028946,86.58341,-9223372036854775808,,,-32768,-9223372036854775808,,,-32768,20.79859,0.0643975,18.21772,0.02355645,16.75098,0.01172995,,,,,-32768,-2147483648,-32768,,,-32768,-2147483648,-32768,,,-32768,-2147483648,-32768,,,-32768,-2147483648,-32768,,,-32768,-2147483648,-32768,,,-32768,-2147483648,-32768,,,12081946+2104578,13.047,0.022,12.49,0.021,12.203,0.021,AAA,222,111,000,1,J120819.44+210457.6,12.049,0.023,11.859,0.022,11.763,0.268,8.822,,0000,0,AABU,0000,                            ,,,,        ,
83,4002505586787874560,4002505586787874560,ComaBer ,Name Coma Ber Cluster,0.034,11.64,-9223372036854775808,1237667911666565177,12153147+2504011,J121531.46+250401.1,183.88115115227203,25.066998580725944,16.03717,17.747934,14.78373,11.353571605635834,0.052026246,1.1208072,7384.194944512168,5.5327644,334,16.01661,17.729359,14.767036,87.22996,87.60161,87.9486,87.246025,87.626366,87.964905,6378726690386872886,20.9362,0.3281,0,6378726690386872886,,,0,20.56546,0.05724843,18.30068,0.02202826,16.79038,0.009248883,,,,,-32768,-2147483648,-32768,,,-32768,-2147483648,-32768,,,-32768,-2147483648,-32768,,,-32768,-2147483648,-32768,,,-32768,-2147483648,-32768,,,-32768,-2147483648,-32768,,,12153147+2504011,13.022,0.021,12.423,0.020,12.159,0.023,AAA,222,111,000,1,J121531.46+250401.1,11.969,0.023,11.789,0.021,11.881,0.244,9.047,,0000,0,AABU,0000,                            ,,,,        ,
84,4009788859185281152,4009788859185281152,ComaBer ,Name Coma Ber Cluster,0.034,11.64,-9223372036854775808,1237667443507789952,12182193+2744423,J121821.92+274442.3,184.59138042576498,27.745122738620466,16.049406,17.692102,14.800096,11.782062478594764,0.04585344,0.9885849,7307.009119699194,5.1900864,305,16.028017,17.68616,14.781389,84.2287,84.5489,84.87924,84.16687,84.58502,84.88786,6374856492135221422,21.534,0.3311,17,6374856492135221422,,,0,20.59153,0.06265157,18.33234,0.02646849,16.81766,0.01002157,,,,,-32768,-2147483648,-32768,,,-32768,-2147483648,-32768,,,-32768,-2147483648,-32768,,,-32768,-2147483648,-32768,,,-32768,-2147483648,-32768,,,-32768,-2147483648,-32768,,,12182193+2744423,12.992,0.024,12.392,0.030,12.181,0.018,AAA,222,111,000,1,J121821.92+274442.3,12.043,0.023,11.851,0.022,11.834,0.248,8.955,,0000,0,AABU,0000,                            ,,,,        ,
85,4003516420226625792,4003516420226625792,ComaBer ,Name Coma Ber Cluster,0.034,11.64,-9223372036854775808,1237667448876105774,12071199+2603402,J120711.98+260340.3,181.7999765872533,26.061212275284127,16.07602,17.73355,14.840465,11.642770962945582,0.054694965,1.0602797,7137.594749641018,5.951415,283,16.053488,17.704544,14.821367,85.035255,85.57823,85.89286,85.00363,85.453514,85.82964,-9223372036854775808,,,-32768,-9223372036854775808,,,-32768,20.8646,0.07254626,18.30932,0.02840848,16.82369,0.02295052,,,,,-32768,-2147483648,-32768,,,-32768,-2147483648,-32768,,,-32768,-2147483648,-32768,,,-32768,-2147483648,-32768,,,-32768,-2147483648,-32768,,,-32768,-2147483648,-32768,,,12071199+2603402,13.116,0.024,12.572,0.023,12.278,0.022,AAA,222,111,000,1,J120711.98+260340.3,12.085,0.023,11.897,0.022,11.832,0.272,8.947,,0000,0,AABU,0000,                            ,,,,        ,
86,4009440382718550272,4009440382718550272,ComaBer ,Name Coma Ber Cluster,0.034,11.64,-9223372036854775808,1237667322182959169,12164122+2646391,J121641.21+264638.9,184.17179594087483,26.777510217315793,16.141367,17.795395,14.89413,11.56666210922321,0.04626611,0.9736385,6713.832049951284,4.4784346,328,16.11994,17.768393,14.876345,85.750015,86.109245,86.42967,85.76747,86.10995,86.459335,-9223372036854775808,,,-32768,-9223372036854775808,,,-32768,21.09941,0.08016606,,,16.90848,0.01426482,,,,,-32768,-2147483648,-32768,,,-32768,-2147483648,-32768,,,-32768,-2147483648,-32768,,,-32768,-2147483648,-32768,,,-32768,-2147483648,-32768,,,-32768,-2147483648,-32768,,,12164122+2646391,13.141,0.020,12.563,0.024,12.301,0.023,AAA,222,111,000,1,J121641.21+264638.9,12.121,0.022,11.928,0.023,12.197,0.339,8.815,,0000,0,AABU,0000,                            ,,,,        ,
87,3962066103169597184,3962066103169597184,ComaBer ,Name Coma Ber Cluster,0.034,11.64,-9223372036854775808,1237667321648250947,12384603+2618584,J123846.02+261858.2,189.69184688110218,26.31620535072201,16.304285,18.028154,15.032131,11.563101278482398,0.057004664,0.9994267,5795.5814052981195,3.4154434,390,16.279625,18.015413,15.020564,85.67474,86.07398,86.472664,85.67714,86.160484,86.53856,-9223372036854775808,,,-32768,-9223372036854775808,,,-32768,21.71442,0.1104297,18.6146,0.01922392,17.1046,0.01146069,,,,,-32768,-2147483648,-32768,,,-32768,-2147483648,-32768,,,-32768,-2147483648,-32768,,,-32768,-2147483648,-32768,,,-32768,-2147483648,-32768,,,-32768,-2147483648,-32768,,,12384603+2618584,13.257,0.026,12.625,0.032,12.393,0.024,AAA,222,111,000,1,J123846.02+261858.2,12.187,0.023,11.985,0.022,12.394,0.462,9.019,,0000,0,AACU,0011,                            ,,,,        ,
88,3950889734977799296,3950889734977799296,ComaBer ,Name Coma Ber Cluster,0.034,11.64,-9223372036854775808,1237667914345087024,                ,                   ,181.3536290871863,18.917243361196068,16.320574,17.960798,14.999201,11.064112735893191,0.06134776,1.1262573,5696.7389434712895,5.2052903,326,16.298302,17.945463,14.981964,89.44375,89.876495,90.38834,89.553116,90.13351,90.671844,6378867524511993757,22.1306,0.34,0,6378867524511993757,,,0,21.27974,0.1010616,18.52282,0.097445,17.12008,0.08073371,,,,,-32768,-2147483648,-32768,,,-32768,-2147483648,-32768,,,-32768,-2147483648,-32768,,,-32768,-2147483648,-32768,,,-32768,-2147483648,-32768,,,-32768,-2147483648,-32768,,,                ,,     ,,     ,,     ,   ,-32768,-32768,   ,-32768,                   ,,,,,,,,,    ,-2147483648,    ,    ,                            ,,,,        ,
89,3958248976756278272,3958248976756278272,ComaBer ,Name Coma Ber Cluster,0.034,11.64,-9223372036854775808,1237667448344346720,12590308+2531078,J125903.07+253107.6,194.76286696593263,25.518805166055397,16.477467,18.19511,15.204308,11.358967137842724,0.06780804,1.0447261,4949.485811660184,4.464817,597,16.450966,18.173742,15.189531,87.3398,87.74597,88.12832,87.09936,87.59325,88.05326,-9223372036854775808,,,-32768,-9223372036854775808,,,-32768,21.28034,0.07350872,18.79018,0.01476305,17.28806,0.01990713,,,,,-32768,-2147483648,-32768,,,-32768,-2147483648,-32768,,,-32768,-2147483648,-32768,,,-32768,-2147483648,-32768,,,-32768,-2147483648,-32768,,,-32768,-2147483648,-32768,,,12590308+2531078,13.439,0.024,12.815,0.032,12.554,0.026,AAA,222,111,000,1,J125903.07+253107.6,12.38,0.024,12.199,0.023,12.435,0.434,9.219,,0000,0,AACU,0033,                            ,,,,        ,
90,4003180691222880896,4003180691222880896,ComaBer ,Name Coma Ber Cluster,0.034,11.64,-9223372036854775808,1237667447802888385,12124277+2513422,J121242.76+251342.3,183.1782526187743,25.228448296547093,16.517296,18.286942,15.234881,11.618782119047932,0.062207866,1.0741006,4775.942642683321,3.1379917,319,16.48972,18.26244,15.217038,85.257,85.647064,86.17133,85.14785,85.64488,86.00641,-9223372036854775808,,,-32768,-9223372036854775808,,,-32768,21.12129,0.07924159,18.85411,0.03052725,17.34371,0.0143371,,,,,-32768,-2147483648,-32768,,,-32768,-2147483648,-32768,,,-32768,-2147483648,-32768,,,-32768,-2147483648,-32768,,,-32768,-2147483648,-32768,,,-32768,-2147483648,-32768,,,12124277+2513422,13.406,0.022,12.835,0.026,12.518,0.025,AAA,222,111,000,1,J121242.76+251342.3,12.381,0.024,12.169,0.023,11.875,0.242,9.069,,0000,0,AABU,0000,                            ,,,,        ,
91,4002824896132242816,4002824896132242816,ComaBer ,Name Coma Ber Cluster,0.034,11.64,-9223372036854775808,1237667911128907961,12080921+2443301,J120809.20+244330.2,182.03841144699666,24.7250940271993,16.521294,18.454653,15.185201,11.863989040405329,0.08440708,1.4189385,4729.379230237063,3.8293169,348,16.500357,18.499485,15.179626,83.54648,84.146645,84.67274,83.237625,83.69739,84.18289,-9223372036854775808,,,-32768,-9223372036854775808,,,-32768,21.5443,0.1200649,19.17382,0.01978532,17.55629,0.0111767,,,,,-32768,-2147483648,-32768,,,-32768,-2147483648,-32768,,,-32768,-2147483648,-32768,,,-32768,-2147483648,-32768,,,-32768,-2147483648,-32768,,,-32768,-2147483648,-32768,,,12080921+2443301,13.279,0.024,12.711,0.023,12.374,0.023,AAA,222,111,000,1,J120809.20+244330.2,12.137,0.024,11.946,0.023,11.972,0.287,9.184,,0000,0,AABU,0000,                            ,,,,        ,
92,3959638140977409152,3959638140977409152,ComaBer ,Name Coma Ber Cluster,0.034,11.64,-9223372036854775808,1237667911668531290,12353409+2501018,J123534.08+250101.8,188.89202684761747,25.017176820143877,16.591164,18.441309,15.297239,11.802125958619394,0.06200948,0.9813816,4471.720633381941,3.3059077,484,16.56118,18.391085,15.276323,83.89089,84.35252,84.749565,83.89225,84.30657,84.70884,-9223372036854775808,,,-32768,-9223372036854775808,,,-32768,21.3068,0.09655305,19.04188,0.0193517,17.46188,0.01906576,,,,,-32768,-2147483648,-32768,,,-32768,-2147483648,-32768,,,-32768,-2147483648,-32768,,,-32768,-2147483648,-32768,,,-32768,-2147483648,-32768,,,-32768,-2147483648,-32768,,,12353409+2501018,13.446,0.027,12.882,0.032,12.621,0.026,AAA,222,111,000,1,J123534.08+250101.8,12.427,0.023,12.223,0.023,11.958,0.247,8.91,,0000,0,AABU,0011,                            ,,,,        ,
93,4004386305722674944,4004386305722674944,ComaBer ,Name Coma Ber Cluster,0.034,11.64,-9223372036854775808,1237667910590595249,11534551+2410155,J115345.51+241015.4,178.4396691764736,24.170987936121143,16.656328,18.41764,15.3753395,11.976501205266706,0.068763524,0.95731145,4204.861594051303,3.162665,358,16.627987,18.380781,15.356735,82.5909,83.05369,83.57499,82.76132,83.141716,83.60894,-9223372036854775808,,,-32768,-9223372036854775808,,,-32768,21.53044,0.1134888,19.06022,0.02462963,17.52021,0.01622646,,,,,-32768,-2147483648,-32768,,,-32768,-2147483648,-32768,,,-32768,-2147483648,-32768,,,-32768,-2147483648,-32768,,,-32768,-2147483648,-32768,,,-32768,-2147483648,-32768,,,11534551+2410155,13.567,0.022,13.001,0.026,12.716,0.024,AAA,222,111,000,1,J115345.51+241015.4,12.508,0.023,12.308,0.024,11.865,,9.082,,0000,0,AAUU,0000,                            ,,,,        ,
94,3960032041018245120,3960032041018245120,ComaBer ,Name Coma Ber Cluster,0.034,11.64,-9223372036854775808,1237667911131070570,12292013+2444343,J122920.14+244434.3,187.33396570841674,24.742875351445285,16.755386,18.62266,15.451815,12.202853010199917,0.0755772,1.000143,3828.8799553658077,3.502411,280,16.729687,18.618761,15.437219,81.07102,81.689156,82.20114,81.05835,81.54259,82.106094,-9223372036854775808,,,-32768,-9223372036854775808,,,-32768,21.89301,0.144207,19.23181,0.01493477,17.73168,0.02495622,,,,,-32768,-2147483648,-32768,,,-32768,-2147483648,-32768,,,-32768,-2147483648,-32768,,,-32768,-2147483648,-32768,,,-32768,-2147483648,-32768,,,-32768,-2147483648,-32768,,,12292013+2444343,13.553,0.026,12.984,0.032,12.679,0.021,AAA,222,111,000,1,J122920.14+244434.3,12.521,0.022,12.311,0.022,12.194,0.323,8.665,,0000,0,AABU,0000,                            ,,,,        ,
95,3960046330373501696,3960046330373501696,ComaBer ,Name Coma Ber Cluster,0.034,11.64,-9223372036854775808,1237667447267917912,12313652+2452273,J123136.50+245227.2,187.902161068044,24.874232407396786,16.801413,18.772703,15.455194,11.619429655950896,0.080931924,0.97527426,3669.1009665987795,5.0205226,263,16.775969,18.72202,15.445188,85.26993,85.7747,86.3325,85.08966,85.669075,86.18333,-9223372036854775808,,,-32768,-9223372036854775808,,,-32768,21.85144,0.1186858,19.30102,0.02588104,17.76573,0.01804434,,,,,-32768,-2147483648,-32768,,,-32768,-2147483648,-32768,,,-32768,-2147483648,-32768,,,-32768,-2147483648,-32768,,,-32768,-2147483648,-32768,,,-32768,-2147483648,-32768,,,12313652+2452273,13.452,0.026,12.878,0.028,12.594,0.025,AAA,222,111,000,1,J123136.50+245227.2,12.398,0.024,12.181,0.023,11.824,0.268,8.663,,0000,0,AABU,0011,                            ,,,,        ,
96,4010499895315622656,4010499895315622656,ComaBer ,Name Coma Ber Cluster,0.034,11.64,-9223372036854775808,1237667443509493834,12355232+2750413,J123552.31+275041.2,188.96801349645946,27.844800901637438,16.983124,18.823923,15.676327,11.388137426190351,0.08170221,1.0189844,3120.0025265660443,2.853537,386,16.951979,18.795845,15.665436,87.02364,87.500984,87.97255,86.79634,87.36333,87.949196,-9223372036854775808,,,-32768,-9223372036854775808,,,-32768,21.35732,0.1070174,19.51469,0.02194337,17.87364,0.01972234,,,,,-32768,-2147483648,-32768,,,-32768,-2147483648,-32768,,,-32768,-2147483648,-32768,,,-32768,-2147483648,-32768,,,-32768,-2147483648,-32768,,,-32768,-2147483648,-32768,,,12355232+2750413,13.851,0.027,13.228,0.032,12.955,0.028,AAA,222,111,000,1,J123552.31+275041.2,12.778,0.024,12.553,0.024,12.306,0.377,8.984,,0000,0,AACU,0011,                            ,,,,        ,
97,1465022797889682176,1465022797889682176,ComaBer ,Name Coma Ber Cluster,0.034,11.64,-9223372036854775808,1237667254555770980,12524402+3004396,J125244.00+300439.6,193.1833926332396,30.077701857462472,17.049606,18.961264,15.731115,11.901729405690329,0.09874223,1.0968546,2921.055297376146,2.6010807,345,17.023518,18.96253,15.726549,82.91399,83.58861,84.43438,82.89057,83.482346,84.12981,-9223372036854775808,,,-32768,-9223372036854775808,,,-32768,21.81981,0.1358079,19.57215,0.02171595,18.02477,0.02402664,,,,,-32768,-2147483648,-32768,,,-32768,-2147483648,-32768,,,-32768,-2147483648,-32768,,,-32768,-2147483648,-32768,,,-32768,-2147483648,-32768,,,-32768,-2147483648,-32768,,,12524402+3004396,13.842,0.029,13.299,0.033,12.944,0.028,AAA,222,111,000,1,J125244.00+300439.6,12.792,0.023,12.568,0.024,12.28,0.381,9.016,,0000,0,AACU,0011,                            ,,,,        ,
98,3960979957480124544,3960979957480124544,ComaBer ,Name Coma Ber Cluster,0.034,11.64,-9223372036854775808,1237667912206516404,12464254+2524004,J124642.53+252400.3,191.67727002957363,25.400089735894433,17.166279,19.090614,15.842818,11.578241144371328,0.08971528,1.0093129,2639.425170001621,2.2551801,386,17.133593,19.045767,15.831362,85.25932,86.00641,86.58428,85.37137,86.04782,86.884964,-9223372036854775808,,,-32768,-9223372036854775808,,,-32768,,,19.64912,0.01732297,18.11895,0.01957971,,,,,-32768,-2147483648,-32768,,,-32768,-2147483648,-32768,,,-32768,-2147483648,-32768,,,-32768,-2147483648,-32768,,,-32768,-2147483648,-32768,,,-32768,-2147483648,-32768,,,12464254+2524004,13.938,0.027,13.351,0.031,13.027,0.037,AAA,222,111,000,1,J124642.53+252400.3,12.883,0.023,12.667,0.025,12.305,,8.988,,0000,0,AAUU,0011,                            ,,,,        ,
99,4010214778206706048,4010214778206706048,ComaBer ,Name Coma Ber Cluster,0.034,11.64,-9223372036854775808,1237667324330836077,12203619+2827073,J122036.18+282707.2,185.15083955280684,28.452035949773684,17.197931,19.158686,15.87089,12.145748282903584,0.08658774,1.0038476,2561.2132735778955,2.4526932,306,17.166252,19.148815,15.8536215,81.33483,81.82204,82.37091,81.464584,82.02812,82.54481,-9223372036854775808,,,-32768,-9223372036854775808,,,-32768,,,19.81383,0.02523214,18.20829,0.02058801,,,,,-32768,-2147483648,-32768,,,-32768,-2147483648,-32768,,,-32768,-2147483648,-32768,,,-32768,-2147483648,-32768,,,-32768,-2147483648,-32768,,,-32768,-2147483648,-32768,,,12203619+2827073,13.97,0.029,13.355,0.037,13.003,0.032,AAA,222,111,000,1,J122036.18+282707.2,12.855,0.024,12.642,0.027,12.227,0.406,9.178,,0000,0,AACU,0000,                            ,,,,        ,
100,4008314551531430784,4008314551531430784,ComaBer ,Name Coma Ber Cluster,0.034,11.64,-9223372036854775808,1237667912204091469,12221448+2526563,J122214.47+252656.2,185.56035244352674,25.44899652696035,17.208563,19.15738,15.878028,11.76809178805785,0.09961151,0.9466499,2525.3641985303275,3.207256,260,17.181557,19.215193,15.877586,83.69342,84.59005,85.320404,83.99356,84.686935,85.47717,-9223372036854775808,,,-32768,-9223372036854775808,,,-32768,,,19.79368,0.02066817,18.16951,0.02224189,,,,,-32768,-2147483648,-32768,,,-32768,-2147483648,-32768,,,-32768,-2147483648,-32768,,,-32768,-2147483648,-32768,,,-32768,-2147483648,-32768,,,-32768,-2147483648,-32768,,,12221448+2526563,13.98,0.028,13.397,0.032,13.08,0.024,AAA,222,111,000,1,J122214.47+252656.2,12.906,0.024,12.679,0.025,12.051,,9.01,,0000,0,AAUU,0000,                            ,,,,        ,
101,1459518299083767808,1459518299083767808,ComaBer ,Name Coma Ber Cluster,0.034,11.64,-9223372036854775808,1237667912745025614,13032635+2539088,J130326.34+253908.7,195.85983402121926,25.65243491136772,17.352028,19.402122,16.005205,11.607858969255663,0.11910366,1.0176573,2222.9535877410326,2.2569795,414,17.320042,19.383947,15.995547,84.80989,85.674164,86.55694,85.01675,85.777916,86.57572,-9223372036854775808,,,-32768,-9223372036854775808,,,-32768,,,20.04339,0.03106452,18.43025,0.0296051,,,,,-32768,-2147483648,-32768,,,-32768,-2147483648,-32768,,,-32768,-2147483648,-32768,,,-32768,-2147483648,-32768,,,-32768,-2147483648,-32768,,,-32768,-2147483648,-32768,,,13032635+2539088,14.065,0.029,13.426,0.033,13.143,0.029,AAA,222,111,000,1,J130326.34+253908.7,12.973,0.023,12.737,0.025,11.589,0.258,8.438,,0000,0,AABU,0033,                            ,,,,        ,
102,3956537616971055360,3956537616971055360,ComaBer ,Name Coma Ber Cluster,0.034,11.64,-9223372036854775808,1237667736123080821,12555538+2255128,J125555.38+225512.6,193.9807925718347,22.920197490449812,17.40598,19.396149,16.073713,11.271102124365607,0.099653594,0.9944184,2057.5442542987566,2.3315556,324,17.403994,19.406427,16.056618,87.66757,88.32331,89.06271,87.777916,88.5604,89.31503,-9223372036854775808,,,-32768,-9223372036854775808,,,-32768,,,20.01606,0.02377762,18.46476,0.02023073,,,,,-32768,-2147483648,-32768,,,-32768,-2147483648,-32768,,,-32768,-2147483648,-32768,,,-32768,-2147483648,-32768,,,-32768,-2147483648,-32768,,,-32768,-2147483648,-32768,,,12555538+2255128,14.103,0.028,13.527,0.038,13.166,0.033,AAA,222,111,000,1,J125555.38+225512.6,13.063,0.024,12.842,0.026,12.535,0.418,9.254,,0000,0,AACU,0044,                            ,,,,        ,
103,3954790802231914496,3954790802231914496,ComaBer ,Name Coma Ber Cluster,0.034,11.64,-9223372036854775808,1237667781764186244,12512680+2132436,J125126.79+213243.5,192.86167026986237,21.54545127483861,17.428688,19.448404,16.07119,11.655539747989728,0.11120239,0.98018986,2067.555110178295,2.4940403,310,17.398724,19.431774,16.064331,84.550476,85.47418,86.59171,84.466515,85.3041,86.09397,-9223372036854775808,,,-32768,-9223372036854775808,,,-32768,,,20.07155,0.03073875,18.50147,0.01463376,,,,,-32768,-2147483648,-32768,,,-32768,-2147483648,-32768,,,-32768,-2147483648,-32768,,,-32768,-2147483648,-32768,,,-32768,-2147483648,-32768,,,-32768,-2147483648,-32768,,,12512680+2132436,14.038,0.026,13.557,0.027,13.17,0.040,AAA,222,111,000,1,J125126.79+213243.5,13.025,0.024,12.814,0.025,11.979,0.249,8.607,,0000,0,AABU,0033,                            ,,,,        ,
104,4006897212323689088,4006897212323689088,ComaBer ,Name Coma Ber Cluster,0.034,11.64,-9223372036854775808,1237667323255259234,12014176+2729114,J120141.74+272911.4,180.42400580823056,27.48648964305632,17.583029,19.658894,16.218214,11.277080801787404,0.14977992,1.193158,1746.5775405516486,3.6832843,289,17.581898,19.645514,16.20159,86.85073,87.90895,89.28594,87.34227,88.30206,89.24602,-9223372036854775808,,,-32768,-9223372036854775808,,,-32768,,,20.33261,0.02755986,18.70891,0.01897445,,,,,-32768,-2147483648,-32768,,,-32768,-2147483648,-32768,,,-32768,-2147483648,-32768,,,-32768,-2147483648,-32768,,,-32768,-2147483648,-32768,,,-32768,-2147483648,-32768,,,12014176+2729114,14.168,0.027,13.611,0.031,13.327,0.034,AAA,222,111,000,1,J120141.74+272911.4,13.049,0.023,12.83,0.027,12.437,0.428,9.038,,0000,0,AACU,0000,                            ,,,,        ,
105,4006512177095553280,4006512177095553280,ComaBer ,Name Coma Ber Cluster,0.034,11.64,-9223372036854775808,1237667322718126301,11593901+2708469,J115939.01+270846.7,179.91259042667988,27.14635408110142,17.667118,19.718214,16.309446,11.270736779118932,0.1191742,1.0468503,1615.9616240819098,2.0660264,365,17.666288,19.723267,16.299152,87.22249,88.07435,89.05167,87.42109,88.30758,89.44137,-9223372036854775808,,,-32768,-9223372036854775808,,,-32768,22.24346,0.1781639,20.37933,0.03222486,18.7267,0.01576448,,,,,-32768,-2147483648,-32768,,,-32768,-2147483648,-32768,,,-32768,-2147483648,-32768,,,-32768,-2147483648,-32768,,,-32768,-2147483648,-32768,,,-32768,-2147483648,-32768,,,11593901+2708469,14.285,0.027,13.747,0.027,13.443,0.035,AAA,222,111,000,1,J115939.01+270846.7,13.233,0.024,13.001,0.027,11.927,,8.423,,0000,0,AAUU,0000,                            ,,,,        ,
106,3962424475240656896,3962424475240656896,ComaBer ,Name Coma Ber Cluster,0.034,11.64,-9223372036854775808,1237667442972492028,12344549+2723127,J123445.49+272312.6,188.6895938049661,27.386859952338778,17.68835,19.785412,16.313375,12.119234297967314,0.12555964,0.9700791,1594.4685456171985,1.9931089,491,17.680826,19.849562,16.309622,81.35949,82.17815,83.04258,81.33479,82.00765,82.80282,-9223372036854775808,,,-32768,-9223372036854775808,,,-32768,,,20.4649,0.02494747,18.88173,0.02275358,,,,,-32768,-2147483648,-32768,,,-32768,-2147483648,-32768,,,-32768,-2147483648,-32768,,,-32768,-2147483648,-32768,,,-32768,-2147483648,-32768,,,-32768,-2147483648,-32768,,,12344549+2723127,14.286,0.030,13.664,0.041,13.333,0.031,AAA,222,111,000,1,J123445.49+272312.6,13.175,0.024,12.929,0.027,12.61,,8.98,,0000,0,AAUU,0011,                            ,,,,        ,
107,4005007422418078848,4005007422418078848,ComaBer ,Name Coma Ber Cluster,0.034,11.64,-9223372036854775808,1237667911126810755,11465057+2426172,J114650.57+242617.1,176.71077826099167,24.438151258098067,17.779922,19.998135,16.40352,11.528592233876909,0.15292029,1.0445418,1471.6995413636487,2.8245273,199,17.767818,19.85903,16.383265,85.08728,86.170555,87.37655,85.6361,86.60121,87.655495,-9223372036854775808,,,-32768,-9223372036854775808,,,-32768,,,20.58823,0.02378082,18.98051,0.01422115,,,,,-32768,-2147483648,-32768,,,-32768,-2147483648,-32768,,,-32768,-2147483648,-32768,,,-32768,-2147483648,-32768,,,-32768,-2147483648,-32768,,,-32768,-2147483648,-32768,,,11465057+2426172,14.353,0.028,13.743,0.038,13.508,0.040,AAA,222,111,000,1,J114650.57+242617.1,13.26,0.025,13.027,0.027,12.136,,8.457,,0000,0,AAUU,0000,                            ,,,,        ,
108,4011691010005942144,4011691010005942144,ComaBer ,Name Coma Ber Cluster,0.034,11.64,-9223372036854775808,1237667253479735377,12283462+2932420,J122834.60+293241.8,187.1442463050407,29.544951476988242,17.865234,19.995928,16.478855,11.677644847052237,0.12147564,0.9634192,1389.0536650714841,2.058341,304,17.83057,20.030642,16.475716,84.74511,85.34369,86.22188,84.56299,85.40001,86.331825,-9223372036854775808,,,-32768,-9223372036854775808,,,-32768,,,,,,,,,,,-32768,-2147483648,-32768,,,-32768,-2147483648,-32768,,,-32768,-2147483648,-32768,,,-32768,-2147483648,-32768,,,-32768,-2147483648,-32768,,,-32768,-2147483648,-32768,,,12283462+2932420,14.373,0.033,13.774,0.040,13.464,0.033,AAA,222,111,000,1,J122834.60+293241.8,13.308,0.025,13.088,0.027,11.871,,9.103,,hh00,0,AAUU,0000,                            ,,,,        ,
109,4010324591930017920,4010324591930017920,ComaBer ,Name Coma Ber Cluster,0.034,11.64,-9223372036854775808,1237667209992863864,12232095+2855148,J122320.94+285514.8,185.8373024650325,28.920815757119342,17.972586,20.188988,16.558989,12.167595664422532,0.15063603,0.97256076,1260.4233912245843,1.8063128,253,17.936075,20.18435,16.556538,80.83739,81.787575,82.79232,80.94924,81.976265,83.03574,-9223372036854775808,,,-32768,-9223372036854775808,,,-32768,,,20.92596,0.03740774,19.30309,0.02478994,,,,,-32768,-2147483648,-32768,,,-32768,-2147483648,-32768,,,-32768,-2147483648,-32768,,,-32768,-2147483648,-32768,,,-32768,-2147483648,-32768,,,-32768,-2147483648,-32768,,,12232095+2855148,14.439,0.030,13.802,0.028,13.538,0.029,AAA,222,111,000,1,J122320.94+285514.8,13.336,0.025,13.109,0.028,12.268,,8.822,,0000,0,AAUU,0000,                            ,,,,        ,
110,4002496794990367360,4002496794990367360,ComaBer ,Name Coma Ber Cluster,0.034,11.64,-9223372036854775808,1237667447803412694,12182185+2524131,J121821.82+252412.8,184.5909951439626,25.403574647881246,18.13018,20.389324,16.717306,11.715347184703324,0.25405982,1.1405814,1065.733921099822,1.7440487,286,18.118244,20.304743,16.71422,83.47739,85.43048,87.5948,85.48565,87.372894,89.13866,-9223372036854775808,,,-32768,-9223372036854775808,,,-32768,,,21.11179,0.03872215,19.48055,0.02865416,,,,,-32768,-2147483648,-32768,,,-32768,-2147483648,-32768,,,-32768,-2147483648,-32768,,,-32768,-2147483648,-32768,,,-32768,-2147483648,-32768,,,-32768,-2147483648,-32768,,,12182185+2524131,14.582,0.032,13.962,0.050,13.602,0.033,AAA,222,111,000,1,J121821.82+252412.8,13.4,0.025,13.182,0.03,12.27,,8.82,,0000,0,AAUU,0000,                            ,,,,        ,
111,3961053551744388352,3961053551744388352,ComaBer ,Name Coma Ber Cluster,0.034,11.64,-9223372036854775808,1237667912743125250,12443158+2547208,J124431.57+254720.8,191.13159313661325,25.789139647776974,18.421658,20.886904,16.960732,12.1795437478173,0.19531414,1.0544155,817.420325834827,1.4571476,383,18.406254,20.513464,16.966043,80.7637,82.065155,83.587135,80.55469,81.77085,83.02277,-9223372036854775808,,,-32768,-9223372036854775808,,,-32768,,,21.58773,0.04568138,20.00123,0.02478905,,,,,-32768,-2147483648,-32768,,,-32768,-2147483648,-32768,,,-32768,-2147483648,-32768,,,-32768,-2147483648,-32768,,,-32768,-2147483648,-32768,,,-32768,-2147483648,-32768,,,12443158+2547208,14.704,0.037,14.071,0.043,13.802,0.044,AAA,222,111,000,1,J124431.57+254720.8,13.533,0.026,13.333,0.029,12.154,,9.059,,0000,0,AAUU,0011,                            ,,,,        ,
112,4003591285801252096,4003591285801252096,ComaBer ,Name Coma Ber Cluster,0.034,11.64,-9223372036854775808,1237667321645498499,12104092+2625323,J121040.92+262532.2,182.6705749805972,26.425628513808082,18.44403,20.770203,16.878614,11.809953675875407,0.24666716,1.2984225,795.6251317228064,2.974964,301,18.435596,20.582134,16.91247,82.204155,83.97717,85.82428,82.89316,84.40712,86.05186,-9223372036854775808,,,-32768,-9223372036854775808,,,-32768,,,21.84959,0.06705209,20.22966,0.02908472,,,,,-32768,-2147483648,-32768,,,-32768,-2147483648,-32768,,,-32768,-2147483648,-32768,,,-32768,-2147483648,-32768,,,-32768,-2147483648,-32768,,,-32768,-2147483648,-32768,,,12104092+2625323,14.343,0.035,13.72,0.037,13.397,0.028,AAA,222,111,000,1,J121040.92+262532.2,13.183,0.024,12.947,0.027,12.721,,9.179,,0000,0,AAUU,0000,                            ,,,,        ,
113,3959945037865209216,3959945037865209216,ComaBer ,Name Coma Ber Cluster,0.034,11.64,-9223372036854775808,1237667910594330942,12310816+2416351,J123108.16+241634.9,187.78404311564893,24.276399513625854,18.53469,21.09036,16.975374,12.169572974180735,0.1905289,0.98161465,726.5329346934393,1.6246387,305,18.53423,20.693415,16.995432,80.80789,82.23157,83.71463,80.643906,81.761795,82.876724,-9223372036854775808,,,-32768,-9223372036854775808,,,-32768,,,22.151,0.07272437,20.48656,0.02903003,,,,,-32768,-2147483648,-32768,,,-32768,-2147483648,-32768,,,-32768,-2147483648,-32768,,,-32768,-2147483648,-32768,,,-32768,-2147483648,-32768,,,-32768,-2147483648,-32768,,,12310816+2416351,14.566,0.031,13.805,0.036,13.479,0.035,AAA,222,111,000,1,J123108.16+241634.9,13.265,0.024,13.069,0.027,12.008,,8.788,,0h00,0,AAUU,0011,                            ,,,,        ,
114,3957929976648711808,3957929976648711808,ComaBer ,Name Coma Ber Cluster,0.034,11.64,-9223372036854775808,1237667447269425376,12472268+2445484,J124722.66+244548.5,191.8444818031146,24.763508632963987,19.215113,21.334892,17.685837,11.984811765370102,0.31209764,1.0923309,392.06932322207473,1.0342265,386,19.20396,21.647024,17.704386,81.565216,83.28988,85.367775,81.71404,83.689186,85.9981,-9223372036854775808,,,-32768,-9223372036854775808,,,-32768,,,22.78063,0.1139073,21.02322,0.04207587,,,,,-32768,-2147483648,-32768,,,-32768,-2147483648,-32768,,,-32768,-2147483648,-32768,,,-32768,-2147483648,-32768,,,-32768,-2147483648,-32768,,,-32768,-2147483648,-32768,,,12472268+2445484,15.211,0.051,14.577,0.068,14.24,0.075,AAA,222,111,000,1,J124722.66+244548.5,13.998,0.026,13.81,0.038,11.973,,8.501,,0000,0,AAUU,0011,                            ,,,,        ,
115,4015267996208925568,4015267996208925568,ComaBer ,Name Coma Ber Cluster,0.034,11.64,-9223372036854775808,1237667255626432675,12195243+3109582,J121952.42+310957.8,184.96845539480879,31.16607485485067,19.480392,21.453163,17.906002,12.287115326349383,0.36356762,1.1066766,305.41473030673467,0.9874684,306,19.475142,21.237858,17.977184,79.27294,81.60093,84.46748,78.44922,81.16383,84.43046,-9223372036854775808,,,-32768,-9223372036854775808,,,-32768,,,23.23855,0.1852929,21.58318,0.06708504,,,,,-32768,-2147483648,-32768,,,-32768,-2147483648,-32768,,,-32768,-2147483648,-32768,,,-32768,-2147483648,-32768,,,-32768,-2147483648,-32768,,,-32768,-2147483648,-32768,,,12195243+3109582,15.422,0.058,14.776,0.070,14.359,0.074,AAA,222,111,000,1,J121952.42+310957.8,14.123,0.028,13.888,0.039,12.559,,9.216,,0000,0,AAUU,0000,                            ,,,,        ,
